Year,Product Name,Sales
2015,Cisco TelePresence System EX90 Videoconferencing Unit,22638.48
2015,Lexmark MX611dhe Monochrome Laser Printer,11219.934000000001
2015,"HP Designjet T520 Inkjet Large Format Printer - 24"" Color",9624.945
2015,Ibico EPK-21 Electric Binding System,9449.95
2015,High Speed Automatic Electric Letter Opener,8187.65
2015,GBC DocuBind TL300 Electric Binding System,5740.736
2015,Global Deluxe High-Back Manager's Chair,5633.8060000000005
2015,Tennsco 6- and 18-Compartment Lockers,5568.57
2015,GBC DocuBind P400 Electric Binding System,5443.96
2015,Apple iPhone 5,5328.606000000001
2015,Bretford Rectangular Conference Table Tops,5190.594
2015,DMI Eclipse Executive Suite Bookcases,4809.408
2015,HON 5400 Series Task Chairs for Big and Tall,4766.664
2015,SAFCO Arco Folding Chair,4695.4
2015,Office Star - Professional Matrix Back Chair with 2-to-1 Synchro Tilt and Mesh Fabric Seat,4211.76
2015,Martin Yale Chadless Opener Electric Letter Opener,4164.05
2015,Canon imageCLASS MF7460 Monochrome Digital Laser Multifunction Copier,3991.98
2015,Smead Adjustable Mobile File Trolley with Lockable Top,3772.71
2015,Ibico Ibimaster 300 Manual Binding System,3716.699
2015,Apple iPhone 5S,3647.936
2015,Global Commerce Series High-Back Swivel/Tilt Chairs,3590.748
2015,Samsung Galaxy S4 Active,3499.93
2015,"Bevis Oval Conference Table, Walnut",2975.172
2015,GuestStacker Chair with Chrome Finish Legs,2974.08
2015,Chromcraft Rectangular Conference Tables,2914.7309999999998
2015,Ativa V4110MDD Micro-Cut Shredder,2799.96
2015,"Tennsco Snap-Together Open Shelving Units, Starter Sets and Add-On Units",2794.8
2015,Fellowes PB300 Plastic Comb Binding Machine,2715.93
2015,Motorola Droid Maxx,2609.826
2015,Hon 94000 Series Round Tables,2606.384
2015,Xerox WorkCentre 6505DN Laser Multifunction Printer,2519.958
2015,Global Leather Executive Chair,2421.831
2015,"Hon Deluxe Fabric Upholstered Stacking Chairs, Rounded Back",2415.402
2015,"Chromcraft 48"" x 96"" Racetrack Double Pedestal Table",2244.48
2015,Hon Olson Stacker Stools,2238.879
2015,Tennsco Single-Tier Lockers,2176.972
2015,Hon Multipurpose Stacking Arm Chairs,2122.6800000000003
2015,Honeywell Enviracaire Portable HEPA Air Cleaner for 17' x 22' Room,2104.55
2015,Wireless Extenders zBoost YX545 SOHO Signal Booster,2078.8900000000003
2015,Bevis 44 x 96 Conference Tables,2059.0
2015,Fellowes PB500 Electric Punch Plastic Comb Binding Machine with Manual Bind,2033.584
2015,Hewlett Packard 610 Color Digital Copier / Printer,1999.96
2015,ClearOne CHATAttach 160 - speaker phone,1983.968
2015,Polycom VVX 310 VoIP phone,1943.8919999999998
2015,Cisco Unified IP Phone 7945G VoIP phone,1909.5439999999999
2015,DMI Arturo Collection Mission-style Design Wood Chair,1902.348
2015,Space Solutions HD Industrial Steel Shelving.,1885.508
2015,Hon Every-Day Series Multi-Task Chairs,1879.8
2015,KI Adjustable-Height Table,1865.766
2015,Hon Pagoda Stacking Chairs,1861.6840000000002
2015,Hon GuestStacker Chair,1858.694
2015,Plantronics HL10 Handset Lifter,1855.84
2015,High-Back Leather Manager's Chair,1819.86
2015,"Bush Heritage Pine Collection 5-Shelf Bookcase, Albany Pine Finish, *Special Order",1811.5929999999998
2015,"Rush Hierlooms Collection 1"" Thick Stackable Bookcases",1803.839
2015,Canon PC1080F Personal Copier,1799.97
2015,Hewlett Packard LaserJet 3310 Copier,1799.97
2015,Hon 2111 Invitation Series Corner Table,1758.708
2015,Hoover Upright Vacuum With Dirt Cup,1737.18
2015,"Dual Level, Single-Width Filing Carts",1705.6599999999999
2015,"Global Leather Highback Executive Chair with Pneumatic Height Adjustment, Black",1688.232
2015,Plantronics Savi W720 Multi-Device Wireless Headset System,1687.8
2015,Samsung Galaxy Mega 6.3,1679.96
2015,Sauder Inglewood Library Bookcases,1658.506
2015,"Chromcraft Bull-Nose Wood 48"" x 96"" Rectangular Conference Tables",1652.94
2015,"Lifetime Advantage Folding Chairs, 4/Carton",1635.6
2015,Office Star - Ergonomic Mid Back Chair with 2-Way Adjustable Arms,1628.82
2015,Samsung Galaxy S III - 16GB - pebble blue (T-Mobile),1609.9540000000002
2015,"Atlantic Metals Mobile 4-Shelf Bookcases, Custom Colors",1573.488
2015,"Hot File 7-Pocket, Floor Stand",1570.536
2015,Economy Rollaway Files,1552.88
2015,O'Sullivan Living Dimensions 5-Shelf Bookcases,1538.0208
2015,NETGEAR AC1750 Dual Band Gigabit Smart WiFi Router,1503.906
2015,Samsung Galaxy S4,1502.376
2015,Polycom SoundPoint Pro SE-225 Corded phone,1499.274
2015,O'Sullivan Living Dimensions 2-Shelf Bookcases,1494.103
2015,Fellowes Super Stor/Drawer Files,1453.95
2015,"SAFCO Commercial Wire Shelving, Black",1436.656
2015,AT&T TR1909W,1436.286
2015,Wilson Electronics DB Pro Signal Booster,1432.0
2015,Ibico Hi-Tech Manual Binding System,1402.954
2015,StarTech.com 10/100 VDSL2 Ethernet Extender Kit,1398.39
2015,Hewlett-Packard Deskjet 6540 Color Inkjet Printer,1396.21
2015,Avaya IP Phone 1140E VoIP phone,1394.95
2015,Panasonic KX-TG9471B,1371.93
2015,Samsung Galaxy Note 3,1363.938
2015,Panasonic KX-TG9541B DECT 6.0 Digital 2-Line Expandable Cordless Phone With Digital Answering System,1349.91
2015,Pyle PMP37LED,1305.464
2015,"3D Systems Cube Printer, 2nd Generation, White",1299.99
2015,"Bevis Round Bullnose 29"" High Table Top",1298.55
2015,"Hon 30"" x 60"" Table with Locking Drawer",1296.028
2015,Swingline SM12-08 MicroCut Jam Free Shredder,1279.968
2015,"Hon Deluxe Fabric Upholstered Stacking Chairs, Squared Back",1268.696
2015,Standard Rollaway File with Lock,1261.33
2015,Cisco IP Phone 7961G VoIP phone - Dark gray,1250.74
2015,Novimex Swivel Fabric Task Chair,1238.036
2015,Ooma Telo VoIP Home Phone System,1234.702
2015,Hon 5100 Series Wood Tables,1222.116
2015,Bretford CR4500 Series Slim Rectangular Table,1218.735
2015,"SAFCO PlanMaster Boards, 60w x 37-1/2d, White Melamine",1215.92
2015,Polycom SoundStation2 EX Conference phone,1214.85
2015,Sharp 1540cs Digital Laser Copier,1209.978
2015,Bretford CR8500 Series Meeting Room Furniture,1202.94
2015,Sharp AL-1530CS Digital Copier,1199.976
2015,Brother DCP1000 Digital 3 in 1 Multifunction Machine,1199.96
2015,Konftel 250 Conference phone - Charcoal black,1196.244
2015,Global Comet Stacking Armless Chair,1196.2
2015,GBC DocuBind 200 Manual Binding Machine,1178.744
2015,Office Impressions Heavy Duty Welded Shelving & Multimedia Storage Drawers,1170.89
2015,Toshiba IPT2010-SD IP Telephone,1167.516
2015,GBC DocuBind 300 Electric Binding Machine,1157.156
2015,Wilson SignalBoost 841262 DB PRO Amplifier Kit,1151.84
2015,"Hunt BOSTON Model 1606 High-Volume Electric Pencil Sharpener, Beige",1113.024
2015,Razer Kraken 7.1 Surround Sound Over Ear USB Gaming Headset,1099.8899999999999
2015,Hoover WindTunnel Plus Canister Vacuum,1089.75
2015,Tennsco Double-Tier Lockers,1080.096
2015,Canon PC940 Copier,1079.976
2015,Cisco 8x8 Inc. 6753i IP Business Phone System,1079.92
2015,Balt Solid Wood Round Tables,1071.576
2015,Jabra SPEAK 410,1071.4859999999999
2015,Xerox 1941,1069.47
2015,Hon 4700 Series Mobuis Mid-Back Task Chairs with Adjustable Arms,1067.94
2015,"Iceberg Nesting Folding Chair, 19w x 6d x 43h",1065.426
2015,"Lesro Round Back Collection Coffee Table, End Table",1058.79
2015,GE 30524EE4,1019.148
2015,Mophie Juice Pack Helium for iPhone,1007.874
2015,"Global Wood Trimmed Manager's Task Chair, Khaki",991.682
2015,Carina Double Wide Media Storage Towers in Natural & Black,971.76
2015,Global Italian Leather Office Chair,969.252
2015,Fellowes Stor/Drawer Steel Plus Storage Drawers,954.3000000000001
2015,Safco Contoured Stacking Chairs,953.5999999999999
2015,Hon Racetrack Conference Tables,945.036
2015,Jawbone MINI JAMBOX Wireless Bluetooth Speaker,931.4639999999999
2015,"SAFCO Commercial Wire Shelving, 72h",918.6
2015,Microsoft Natural Keyboard Elite,910.176
2015,Mitel 5320 IP Phone VoIP phone,907.152
2015,"Global Leather and Oak Executive Chair, Black",902.94
2015,Bush Advantage Collection Racetrack Conference Table,890.841
2015,Compact Automatic Electric Letter Opener,882.894
2015,Adtran 1202752G1,881.93
2015,"Hon Practical Foundations 30 x 60 Training Table, Light Gray/Charcoal",864.69
2015,Logitech Wireless Gaming Headset G930,863.946
2015,Logitech Wireless Performance Mouse MX for PC and Mac,859.914
2015,"Hon Metal Bookcases, Gray",851.76
2015,"Bevis Round Conference Table Top, X-Base",842.663
2015,"3M Polarizing Task Lamp with Clamp Arm, Light Gray",821.88
2015,GBC ProClick Punch Binding System,818.944
2015,"Global Push Button Manager's Chair, Indigo",815.926
2015,Logitech Gaming G510s - Keyboard,815.904
2015,Fellowes Officeware Wire Shelving,808.47
2015,BlackBerry Q10,806.336
2015,VTech DS6151,806.336
2015,Global Troy Executive Leather Low-Back Tilter,801.568
2015,Eureka Sanitaire  Commercial Upright,795.408
2015,"Carina 42""Hx23 3/4""W Media Storage Unit",793.604
2015,RCA Visys Integrated PBX 8-Line Router,790.482
2015,Polycom CX300 Desktop Phone USB VoIP phone,779.9480000000001
2015,"Global Geo Office Task Chair, Gray",777.408
2015,Logitech P710e Mobile Speakerphone,772.47
2015,Honeywell Quietcare HEPA Air Cleaner,770.77
2015,DYMO CardScan Personal V9 Business Card Scanner,767.952
2015,AT&T 1080 Corded phone,767.144
2015,Hon Non-Folding Utility Tables,764.688
2015,Global Highback Leather Tilter in Burgundy,764.316
2015,Jawbone JAMBOX Wireless Bluetooth Speaker,758.352
2015,Advantus Rolling Drawer Organizers,754.208
2015,Bush Advantage Collection Round Conference Table,744.1
2015,"Padded Folding Chairs, Black, 4/Carton",736.918
2015,Fellowes Bankers Box Recycled Super Stor/Drawer,734.1279999999999
2015,GBC DocuBind P100 Manual Binding Machine,730.3119999999999
2015,Recycled Steel Personal File for Standard File Folders,718.77
2015,Kensington 7 Outlet MasterPiece Power Center,711.9200000000001
2015,Office Star - Mesh Screen back chair with Vinyl seat,707.2919999999999
2015,"Fellowes Strictly Business Drawer File, Letter/Legal Size",704.25
2015,Enermax Aurora Lite Keyboard,703.3499999999999
2015,"Bevis Traditional Conference Table Top, Plinth Base",700.056
2015,Apple iPhone 5C,699.93
2015,"Safco Chair Connectors, 6/Carton",692.64
2015,"Dot Matrix Printer Tape Reel Labels, White, 5000/Box",688.1700000000001
2015,Star Micronics TSP800 TSP847IIU Receipt Printer,686.32
2015,Tenex Antistatic Computer Chair Mats,683.92
2015,Staple envelope,682.504
2015,"Global High-Back Leather Tilter, Burgundy",676.4449999999999
2015,Holmes Harmony HEPA Air Purifier for 17 x 20 Room,675.12
2015,Hon 2090 “Pillow Soft” Series Mid Back Swivel/Tilt Chairs,674.352
2015,Hon 4070 Series Pagoda Round Back Stacking Chairs,674.058
2015,Bestar Classic Bookcase,672.9327
2015,Vtech CS6719,671.9300000000001
2015,"Stur-D-Stor Shelving, Vertical 5-Shelf: 72""H x 36""W x 18 1/2""D",665.88
2015,Hon 2111 Invitation Series Straight Table,665.235
2015,"Chromcraft Bull-Nose Wood Round Conference Table Top, Wood Base",653.55
2015,Global Super Steno Chair,652.664
2015,Plantronics S12 Corded Telephone Headset System,646.74
2015,Belkin F9G930V10-GRY 9 Outlet Surge,641.76
2015,Multicolor Computer Printout Paper,629.1
2015,Bevis Boat-Shaped Conference Table,629.064
2015,AT&T 1070 Corded Phone,624.3439999999999
2015,"Carina Mini System Audio Rack, Model AR050B",621.488
2015,GE 2-Jack Phone Line Splitter,617.97
2015,Plantronics Voyager Pro Legend,617.97
2015,Xerox 1934,615.78
2015,SAFCO Boltless Steel Shelving,613.656
2015,Geemarc AmpliPOWER60,612.48
2015,Global Executive Mid-Back Manager's Chair,611.058
2015,"Global Fabric Manager's Chair, Dark Gray",605.88
2015,Office Star Flex Back Scooter Chair with Aluminum Finish Frame,605.34
2015,AT&T CL2909,604.752
2015,Ames Color-File Green Diamond Border X-ray Mailers,604.656
2015,"Global Airflow Leather Mesh Back Chair, Black",603.92
2015,WD My Passport Ultra 2TB Portable External Hard Drive,595.0
2015,"Office Star - Contemporary Task Swivel chair with Loop Arms, Charcoal",589.41
2015,Eldon Cleatmat Plus Chair Mats for High Pile Carpets,588.4480000000001
2015,Xerox 1913,588.088
2015,Wi-Ex zBoost YX540 Cellular Phone Signal Booster,583.8
2015,Sensible Storage WireTech Storage Systems,582.036
2015,GE 30522EE2,579.95
2015,Office Star - Mid Back Dual function Ergonomic High Back Chair with 2-Way Adjustable Arms,579.528
2015,Belkin 8 Outlet Surge Protector,573.72
2015,Riverside Furniture Stanwyck Manor Table Series,573.7
2015,Fellowes Bankers Box Stor/Drawer Steel Plus,569.2439999999999
2015,KI Conference Tables,567.12
2015,Fellowes PB200 Plastic Comb Binding Machine,560.967
2015,Canon Imageclass D680 Copier / Fax,559.992
2015,Epson TM-T88V Direct Thermal Printer - Monochrome - Desktop,559.71
2015,Logitech 910-002974 M325 Wireless Mouse for Web Scrolling,545.818
2015,"1.7 Cubic Foot Compact ""Cube"" Office Refrigerators",541.216
2015,Logitech Mobile Speakerphone P710e - speaker phone,539.92
2015,Airmail Envelopes,537.152
2015,ClearSounds CSC500 Amplified Spirit Phone Corded phone,531.924
2015,Balt Split Level Computer Training Table,527.25
2015,Imation Secure+ Hardware Encrypted USB 2.0 Flash Drive; 16GB,525.528
2015,"Atlantic Metals Mobile 3-Shelf Bookcases, Custom Colors",521.96
2015,Bevis Round Conference Room Tables and Bases,519.941
2015,Hon 4060 Series Tables,515.016
2015,Hon Deluxe Fabric Upholstered Stacking Chairs,512.358
2015,Safco Industrial Wire Shelving System,509.488
2015,"24 Capacity Maxi Data Binder Racks, Pearl",505.32
2015,Enermax Acrylux Wireless Keyboard,498.0
2015,Cameo Buff Policy Envelopes,497.84000000000003
2015,"Gould Plastics 18-Pocket Panel Bin, 34w x 5-1/4d x 20-1/2h",496.74600000000004
2015,Eldon ClusterMat Chair Mat with Cordless Antistatic Protection,491.29200000000003
2015,"SAFCO PlanMaster Heigh-Adjustable Drafting Table Base, 43w x 30d x 30-37h, Black",489.23
2015,"Howard Miller 13"" Diameter Goldtone Round Wall Clock",488.176
2015,Letter Size Cart,485.724
2015,O'Sullivan 4-Shelf Bookcase in Odessa Pine,483.91999999999996
2015,"Global Value Mid-Back Manager's Chair, Gray",481.031
2015,Premier Automatic Letter Opener,480.74
2015,Jabra Supreme Plus Driver Edition Headset,479.96
2015,Panasonic KX TS3282W Corded phone,475.944
2015,Polycom VoiceStation 500 Conference phone,471.92
2015,Bevis Steel Folding Chairs,460.56
2015,"Hunt PowerHouse Electric Pencil Sharpener, Blue",455.76
2015,Hewlett-Packard Deskjet D4360 Printer,447.968
2015,Logitech G430 Surround Sound Gaming Headset with Dolby 7.1 Technology,447.944
2015,Xerox 1893,442.692
2015,Office Star - Task Chair with Contemporary Loop Arms,436.704
2015,"Recycled Data-Pak for Archival Bound Computer Printouts, 12-1/2 x 12-1/2 x 16",434.67600000000004
2015,Boston Heavy-Duty Trimline Electric Pencil Sharpeners,433.79999999999995
2015,Global Enterprise Series Seating High-Back Swivel/Tilt Chairs,433.568
2015,GBC Recycled Regency Composition Covers,430.41599999999994
2015,Fellowes Superior 10 Outlet Split Surge Protector,426.27200000000005
2015,Hon 4-Shelf Metal Bookcases,424.116
2015,"Gould Plastics 9-Pocket Panel Bin, 18-3/8w x 5-1/4d x 20-1/2h, Black",423.92
2015,Case Logic 2.4GHz Wireless Keyboard,419.916
2015,Okidata C331dn Printer,418.8
2015,Fellowes 8 Outlet Superior Workstation Surge Protector,417.1
2015,Maxell 4.7GB DVD-R,414.34799999999996
2015,"Sauder Camden County Barrister Bookcase, Planked Cherry Finish",411.332
2015,Tennsco Regal Shelving Units,405.64
2015,Logitech Wireless Headset h800,399.96
2015,Panasonic KX T7731-B Digital phone,399.96
2015,Logitech G600 MMO Gaming Mouse,399.95
2015,Plantronics Audio 478 Stereo USB Headset,399.92
2015,Xerox 1951,396.544
2015,First Data FD10 PIN Pad,395.0
2015,Sony Micro Vault Click 16 GB USB 2.0 Flash Drive,391.93
2015,Luxo Adjustable Task Clamp Lamp,390.896
2015,"Global Stack Chair with Arms, Black",389.74
2015,Fellowes Super Stor/Drawer,388.5
2015,Xerox 1888,388.36
2015,Fellowes Staxonsteel Drawer Files,386.34
2015,"Eldon Base for stackable storage shelf, platinum",381.61199999999997
2015,AT&T EL51110 DECT,377.97
2015,"Dana Fluorescent Magnifying Lamp, White, 36""",377.252
2015,Adjustable Depth Letter/Legal Cart,362.92
2015,Memorex Mini Travel Drive 64 GB USB 2.0 Flash Drive,362.4
2015,Harbour Creations Steel Folding Chair,362.25
2015,Avanti 4.4 Cu. Ft. Refrigerator,361.96
2015,NETGEAR N750 Dual Band Wi-Fi Gigabit Router,360.0
2015,Global Commerce Series Low-Back Swivel/Tilt Chairs,359.772
2015,Panasonic Kx-TS550,358.722
2015,"Deflect-o EconoMat Studded, No Bevel Mat for Low Pile Carpeting",355.352
2015,"Plantronics CS 50-USB - headset - Convertible, Monaural",353.574
2015,Xerox 1909,353.49199999999996
2015,Bevis Round Conference Table Top & Single Column Base,351.216
2015,Wilson Jones Legal Size Ring Binders,347.442
2015,WD My Passport Ultra 1TB Portable External Hard Drive,345.0
2015,Xerox 1917,342.37
2015,"Global Value Steno Chair, Gray",340.144
2015,"File Shuttle II and Handi-File, Black",338.9
2015,Office Star - Contemporary Swivel Chair with Padded Adjustable Arms and Flex Back,338.352
2015,Deflect-o DuraMat Antistatic Studded Beveled Mat for Medium Pile Carpeting,337.088
2015,Logitech Wireless Anywhere Mouse MX for PC and Mac,335.944
2015,netTALK DUO VoIP Telephone Service,335.936
2015,"O'Sullivan Elevations Bookcase, Cherry Finish",333.999
2015,"Rubbermaid ClusterMat Chairmats, Mat Size- 66"" x 60"", Lip 20"" x 11"" -90 Degree Angle",332.94
2015,Dana Halogen Swing-Arm Architect Lamp,327.76
2015,RCA ViSYS 25425RE1 Corded phone,323.976
2015,Space Solutions Commercial Steel Shelving,323.25
2015,Kensington Expert Mouse Optical USB Trackball for PC or Mac,322.966
2015,HTC One,319.968
2015,"Wilson Jones Ledger-Size, Piano-Hinge Binder, 2"", Blue",319.644
2015,Bose SoundLink Bluetooth Speaker,318.4
2015,Space Solutions Industrial Galvanized Steel Shelving.,315.2
2015,Electrix Halogen Magnifier Lamp,310.88
2015,"Bush Andora Bookcase, Maple/Graphite Gray Finish",305.9745
2015,"Contico 72""H Heavy-Duty Storage System",303.252
2015,"Tenex Traditional Chairmats for Medium Pile Carpet, Standard Lip, 36"" x 48""",303.25
2015,Southworth 25% Cotton Premium Laser Paper and Envelopes,299.7
2015,Lock-Up Easel 'Spel-Binder',296.712
2015,"Premier Elliptical Ring Binder, Black",295.26800000000003
2015,WD My Passport Ultra 500GB Portable External Hard Drive,295.0
2015,White Computer Printout Paper by Universal,294.576
2015,BPI Conference Tables,292.1
2015,Easy-staple paper,292.096
2015,"Sauder Facets Collection Library, Sky Alder Finish",290.666
2015,Ibico Laser Imprintable Binding System Covers,288.2
2015,Ativa MDM8000 8-Sheet Micro-Cut Shredder,287.968
2015,Plantronics Voyager Pro HD - Bluetooth Headset,285.956
2015,"Seth Thomas 14"" Day/Date Wall Clock",284.8
2015,Fellowes High-Stak Drawer Files,281.904
2015,"Epson WorkForce WF-2530 All-in-One Printer, Copier Scanner",279.96
2015,"Sauder Camden County Collection Libraries, Planked Cherry Finish",275.952
2015,Avery 477,274.77
2015,"Eldon Delta Triangular Chair Mat, 52"" x 58"", Clear",273.096
2015,Kensington 6 Outlet MasterPiece HOMEOFFICE Power Control Center,270.72
2015,DAX Black Cherry Wood-Tone Poster Frame,264.8
2015,Plantronics 81402,263.96
2015,Plantronics CS510 - Over-the-Head monaural Wireless Headset System,263.96
2015,Belkin F9H710-06 7 Outlet SurgeMaster Surge Protector,263.76
2015,Avery 485,263.13
2015,Office Star - Ergonomically Designed Knee Chair,259.136
2015,"Snap-A-Way Black Print Carbonless Ruled Speed Letter, Triplicate",257.99199999999996
2015,Digium D40 VoIP phone,257.98
2015,GE DSL Phone Line Filter,255.936
2015,"Dixon Ticonderoga Core-Lock Colored Pencils, 48-Color Set",255.85
2015,Hypercom P1300 Pinpad,252.0
2015,Innergie mMini Combo Duo USB Travel Charging Kit,251.944
2015,Maxell LTO Ultrium - 800 GB,251.91
2015,Belkin QODE FastFit Bluetooth Keyboard,247.8
2015,"Holmes Replacement Filter for HEPA Air Cleaner, Very Large Room, HEPA Filter",247.716
2015,Acco Perma 3000 Stacking Storage Drawers,247.564
2015,Nortel Meridian M3904 Professional Digital phone,246.384
2015,"Global Deluxe Stacking Chair, Gray",244.704
2015,Plantronics Cordless Phone Headset with In-line Volume - M214C,244.65
2015,Avery Arch Ring Binders,244.01999999999998
2015,SanDisk Ultra 32 GB MicroSDHC Class 10 Memory Card,243.10000000000002
2015,Global Low Back Tilter Chair,242.352
2015,APC 7 Outlet Network SurgeArrest Surge Protector,241.44
2015,Classic Ivory Antique Telephone ZL1810,241.176
2015,Imation 32GB Pocket Pro USB 3.0 Flash Drive - 32 GB - Black - 1 P ...,239.6
2015,"Tyvek  Top-Opening Peel & Seel Envelopes, Plain White",239.184
2015,Eldon Mobile Mega Data Cart  Mega Stackable  Add-On Trays,236.5
2015,"Situations Contoured Folding Chairs, 4/Set",234.234
2015,"Seth Thomas 16"" Steel Case Clock",233.856
2015,Xerox 194,233.016
2015,Safco Commercial Shelving,232.55
2015,"Decoflex Hanging Personal Folder File, Blue",231.29999999999998
2015,Hunt Boston Vacuum Mount KS Pencil Sharpener,230.934
2015,"Maxell 74 Minute CD-R Spindle, 50/Pack",230.67
2015,Global Deluxe Office Fabric Chairs,230.352
2015,Belkin F5C206VTEL 6 Outlet Surge,229.8
2015,Xerox 1929,228.4
2015,Wilson Jones Century Plastic Molded Ring Binders,224.31600000000003
2015,Tensor Computer Mounted Lamp,223.35
2015,Xerox 1988,223.056
2015,"Sauder Mission Library with Doors, Fruitwood Finish",222.666
2015,AT&T CL82213,220.32399999999998
2015,BoxOffice By Design Rectangular and Half-Moon Meeting Room Tables,218.75
2015,"Premium Transparent Presentation Covers, No Pattern/Clear, 8 1/2"" x 11""",217.168
2015,Desktop 3-Pocket Hot File,216.4
2015,Alphabetical Labels for Top Tab Filing,216.07999999999998
2015,Cisco SPA 501G IP Phone,213.48
2015,Acco Smartsocket Color-Coded Six-Outlet AC Adapter Model Surge Protectors,211.248
2015,"Seth Thomas 14"" Putty-Colored Wall Clock",211.248
2015,Clarity 53712,211.168
2015,"Southworth 100% Résumé Paper, 24lb.",208.50400000000002
2015,Epson Perfection V600 Photo Scanner,206.991
2015,"Green Canvas Binder for 8-1/2"" x 14"" Sheets",205.44
2015,Xerox 1919,204.95
2015,Luxo Professional Combination Clamp-On Lamps,204.6
2015,HTC One Mini,201.584
2015,"Riverside Furniture Oval Coffee Table, Oval End Table, End Table with Drawer",200.795
2015,Logitech G700s Rechargeable Gaming Mouse,199.98
2015,Eldon Radial Chair Mat for Low to Medium Pile Carpets,199.9
2015,"Logitech B530 USB Headset - headset - Full size, Binaural",199.746
2015,Cisco SPA508G,197.97
2015,Panasonic KX TS3282B Corded phone,196.776
2015,KeyTronic 6101 Series - Keyboard - Black,196.752
2015,"Performers Binder/Pad Holder, Black",196.21
2015,Xerox 1942,195.76
2015,Recycled Steel Personal File for Hanging File Folders,194.582
2015,"Hon Metal Bookcases, Black",193.0656
2015,Harbour Creations 67200 Series Stacking Chairs,192.186
2015,Logitech G105 Gaming Keyboard,189.984
2015,GBC Prestige Therm-A-Bind Covers,188.705
2015,Eldon Portable Mobile Manager,186.648
2015,White GlueTop Scratch Pads,186.49599999999998
2015,Euro-Pro Shark Turbo Vacuum,185.88
2015,Belkin Standard 104 key USB Keyboard,183.834
2015,Xerox 1884,183.816
2015,"Tyvek Interoffice Envelopes, 9 1/2"" x 12 1/2"", 100/Box",182.94
2015,"Eldon ""L"" Workstation Diamond Chairmat",182.352
2015,AT&T 17929 Lendline Telephone,180.96
2015,Vinyl Sectional Post Binders,180.96
2015,Logitech Illuminated - Keyboard,179.97
2015,Panasonic KX T7736-B Digital phone,179.94
2015,"Global Stack Chair without Arms, Black",179.262
2015,Xerox 1944,178.296
2015,3.6 Cubic Foot Counter Height Office Refrigerator,176.772
2015,Staples,174.95
2015,Balt Solid Wood Rectangular Table,174.0585
2015,Seidio BD2-HK3IPH5-BK DILEX Case and Holster Combo for Apple iPhone 5/5s - Black,173.656
2015,Logitech Illuminated Ultrathin Keyboard with Backlighting,170.97
2015,Safco Drafting Table,170.352
2015,"Logitech Wireless Boombox Speaker - portable - wireless, wired",170.24
2015,Tenex Chairmats For Use with Hard Floors,168.896
2015,9-3/4 Diameter Round Wall Clock,168.238
2015,"Acco Smartsocket Table Surge Protector, 6 Color-Coded Adapter Outlets",167.535
2015,Acco 6 Outlet Guardian Premium Surge Suppressor,167.44
2015,Safco Steel Mobile File Cart,166.72
2015,Green Bar Computer Printout Paper,164.88
2015,"C-Line Cubicle Keepers Polyproplyene Holder w/Velcro Back, 8-1/2x11, 25/Bx",164.22
2015,Aastra 57i VoIP phone,161.61
2015,"Fellowes Personal Hanging Folder Files, Navy",161.16
2015,Logitech G602 Wireless Gaming Mouse,159.98
2015,Xerox 1933,159.64
2015,Surelock Post Binders,158.912
2015,"Safco Wire Cube Shelving System, For Use as 4 or 5 14"" Cubes, Black",158.9
2015,"Strathmore #10 Envelopes, Ultimate White",158.13
2015,"#10 White Business Envelopes,4 1/8 x 9 1/2",156.7
2015,Boston Home & Office Model 2000 Electric Pencil Sharpeners,156.09
2015,O'Sullivan 2-Shelf Heavy-Duty Bookcases,155.456
2015,Office Star Flex Back Scooter Chair with White Frame,155.372
2015,Macally Suction Cup Mount,155.35
2015,Xerox 1918,155.04
2015,DAX Natural Wood-Tone Poster Frame,153.584
2015,Canvas Sectional Post Binders,152.76
2015,Model L Table or Wall-Mount Pencil Sharpener,151.11599999999999
2015,Nokia Lumia 521 (T-Mobile),149.95
2015,"Computer Room Manger, 14""",149.40800000000002
2015,Deflect-o Glass Clear Studded Chair Mats,149.232
2015,Xerox 1960,148.704
2015,Maxell DVD-RAM Discs,148.32
2015,"Fellowes Premier Superior Surge Suppressor, 10-Outlet, With Phone and Remote",146.76
2015,Xerox 1891,146.73
2015,"Avery Hi-Liter EverBold Pen Style Fluorescent Highlighters, 4/Pack",146.52
2015,Novimex Fabric Task Chair,146.352
2015,Bevis Rectangular Conference Tables,145.98
2015,I Need's 3d Hello Kitty Hybrid Silicone Case Cover for HTC One X 4g with 3d Hello Kitty Stylus Pen Green/pink,145.912
2015,"Deflect-o SuperTray Unbreakable Stackable Tray, Letter, Black",145.9
2015,"Leather Task Chair, Black",145.568
2015,Wilson Jones Heavy-Duty Casebound Ring Binders with Metal Hinges,145.488
2015,"Eaton Premium Continuous-Feed Paper, 25% Cotton, Letter Size, White, 1000 Shts/Box",144.248
2015,Xerox 1885,144.12
2015,JBL Micro Wireless Portable Bluetooth Speaker,143.976
2015,Belkin 8 Outlet SurgeMaster II Gold Surge Protector,143.952
2015,Cisco SPA525G2 IP Phone - Wireless,143.64
2015,"Safco Value Mate Series Steel Bookcases, Baked Enamel Finish on Steel, Gray",141.96
2015,Xerox 1906,141.76
2015,Micropad Numeric Keypads,139.93
2015,24-Hour Round Wall Clock,139.86
2015,Fellowes Mighty 8 Compact Surge Protector,137.836
2015,"Howard Miller 13-1/2"" Diameter Rosebrook Wall Clock",137.54
2015,Hon Rectangular Conference Tables,136.53
2015,Nortel Networks T7316 E Nt8 B27,135.98
2015,Polycom SoundPoint IP 450 VoIP phone,135.516
2015,Rogers Profile Extra Capacity Storage Tub,133.92
2015,Fellowes Advanced Computer Series Surge Protectors,132.45
2015,Xerox 1889,131.904
2015,Round Specialty Laser Printer Labels,130.31199999999998
2015,"DataProducts Ampli Magnifier Task Lamp, Black,",129.888
2015,Motorola L804,128.772
2015,"Deflect-o DuraMat Lighweight, Studded, Beveled Mat for Low Pile Carpeting",127.95
2015,"Tenex Carpeted, Granite-Look or Clear Contemporary Contour Shape Chair Mats",127.27799999999999
2015,Holmes Odor Grabber,126.89599999999999
2015,Fellowes Bases and Tops For Staxonsteel/High-Stak Systems,126.502
2015,"BOSTON Ranger #55 Pencil Sharpener, Black",124.75200000000001
2015,SanDisk Ultra 16 GB MicroSDHC Class 10 Memory Card,124.70400000000001
2015,Eldon Econocleat Chair Mats for Low Pile Carpets,124.41
2015,AT&T 841000 Phone,124.2
2015,Xerox 197,123.92
2015,Xerox 1979,123.92
2015,Dixon Ticonderoga Core-Lock Colored Pencils,123.89599999999999
2015,Nu-Dell Executive Frame,123.872
2015,"Belkin 19"" Vented Equipment Shelf, Black",123.552
2015,Xerox 1945,122.97
2015,Kensington 6 Outlet SmartSocket Surge Protector,122.94
2015,Acme Box Cutter Scissors,122.75999999999999
2015,"Global Leather & Oak Executive Chair, Burgundy",120.712
2015,Belkin F8E887 USB Wired Ergonomic Keyboard,119.96
2015,Safco Industrial Shelving,118.16
2015,Panasonic KX TS208W Corded phone,117.576
2015,"Electrix Incandescent Magnifying Lamp, Black",117.28
2015,KeyTronic KT400U2 - Keyboard - Black,117.192
2015,GBC Recycled Grain Textured Covers,113.982
2015,Imation Secure Drive + Hardware Encrypted USB flash drive - 16 GB,113.97
2015,Grandstream GXP1160 VoIP phone,113.73
2015,Memorex Micro Travel Drive 16 GB,111.93
2015,Memorex Mini Travel Drive 16 GB USB 2.0 Flash Drive,111.79
2015,"Executive Impressions 14""",111.15
2015,Eldon Cleatmat Chair Mats for Medium Pile Carpets,111.0
2015,Imation 30456 USB Flash Drive 8GB,110.4
2015,SanDisk Cruzer 32 GB USB Flash Drive,110.31599999999999
2015,Xerox 1940,109.92
2015,Staple-based wall hangings,108.16799999999999
2015,Global Deluxe Steno Chair,107.772
2015,Catalog Binders with Expanding Posts,107.648
2015,Poly Designer Cover & Back,106.344
2015,AT&T SB67148 SynJ,105.584
2015,Xerox 189,104.85
2015,Satellite Sectional Post Binders,104.184
2015,Luxo Professional Magnifying Clamp-On Fluorescent Lamps,104.01
2015,"Executive Impressions 13"" Clairmont Wall Clock",103.842
2015,"Message Book, Wirebound, Four 5 1/2"" X 4"" Forms/Pg., 200 Dupl. Sets/Book",102.8
2015,"SAFCO Mobile Desk Side File, Wire Frame",102.624
2015,"Memorex 25GB 6X Branded Blu-Ray Recordable Disc, 30/Pack",102.24
2015,Hewlett-Packard Deskjet F4180 All-in-One Color Ink-jet - Printer / copier / scanner,101.994
2015,Eureka The Boss Cordless Rechargeable Stick Vac,101.96
2015,Tripp Lite TLP810NET Broadband Surge for Modem/Fax,101.94000000000001
2015,Kingston Digital DataTraveler 32GB USB 2.0,101.69999999999999
2015,Xblue XB-1670-86 X16 Small Office Telephone - Titanium,100.792
2015,Logitech Wireless Marathon Mouse M705,99.98
2015,2300 Heavy-Duty Transfer File Systems by Perma,99.92
2015,"Lesro Sheffield Collection Coffee Table, End Table, Center Table, Corner Table",99.918
2015,Bevis 36 x 72 Conference Tables,99.592
2015,Newell 334,99.2
2015,"Boston School Pro Electric Pencil Sharpener, 1670",99.136
2015,Xerox 195,98.864
2015,SanDisk Ultra 64 GB MicroSDHC Class 10 Memory Card,95.976
2015,"BlueLounge Milo Smartphone Stand, White/Metallic",95.968
2015,GBC VeloBind Cover Sets,95.728
2015,Maxell 4.7GB DVD-RW 3/Pack,95.58
2015,Xerox 1912,94.85
2015,Howard Miller 12-3/4 Diameter Accuwave DS  Wall Clock,94.428
2015,Bionaire Personal Warm Mist Humidifier/Vaporizer,93.78
2015,DAX Wood Document Frame,93.364
2015,Staple holder,93.204
2015,"Avery Address/Shipping Labels for Typewriters, 4"" x 2""",93.15
2015,Tenex B1-RE Series Chair Mats for Low Pile Carpets,91.96
2015,Xerox 1955,91.36
2015,"Xerox Color Copier Paper, 11"" x 17"", Ream",91.36
2015,Adjustable Personal File Tote,91.168
2015,Xerox 1887,91.056
2015,Acco Perma 4000 Stacking Storage Drawers,90.94399999999999
2015,Fellowes Neat Ideas Storage Cubes,90.94399999999999
2015,Wilson Jones 14 Line Acrylic Coated Pressboard Data Binders,90.78
2015,"Eldon Expressions Wood and Plastic Desk Accessories, Cherry Wood",90.74000000000001
2015,Riverleaf Stik-Withit Designer Note Cubes,90.54
2015,"Avery Trapezoid Ring Binder, 3"" Capacity, Black, 1040 sheets",90.156
2015,"GBC Twin Loop Wire Binding Elements, 9/16"" Spine, Black",89.798
2015,Clear Mylar Reinforcing Strips,89.712
2015,Acco 6 Outlet Guardian Standard Surge Suppressor,89.46600000000001
2015,GBC Durable Plastic Covers,89.00999999999999
2015,"Inter-Office Recycled Envelopes, Brown Kraft, Button-String,10"" x 13"" , 100/Box",87.92
2015,Avery 516,87.72
2015,"Holmes Cool Mist Humidifier for the Whole House with 8-Gallon Output per Day, Extended Life Filter",87.56
2015,Wilson Jones Leather-Like Binders with DublLock Round Rings,87.30000000000001
2015,Eldon Simplefile Box Office,87.08
2015,Sony 64GB Class 10 Micro SDHC R40 Memory Card,86.376
2015,Recycled Eldon Regeneration Jumbo File,85.96000000000001
2015,Portable Personal File Box,85.47
2015,Avery Legal 4-Ring Binder,83.92
2015,"Tennsco Lockers, Gray",83.92
2015,"GE 4 Foot Flourescent Tube, 40 Watt",83.888
2015,GBC Wire Binding Combs,82.72
2015,Avery 499,82.668
2015,Kensington 6 Outlet Guardian Standard Surge Protector,81.92
2015,Logitech Desktop MK120 Mouse and keyboard Combo,81.8
2015,Xerox 232,81.648
2015,"Alliance Super-Size Bands, Assorted Sizes",80.912
2015,Deluxe Chalkboard Eraser Cleaner,80.85
2015,SanDisk Cruzer 16 GB USB Flash Drive,80.36
2015,"Letter/Legal File Tote with Clear Snap-On Lid, Black Granite",80.3
2015,Kensington SlimBlade Notebook Wireless Mouse with Nano Receiver,79.984
2015,OtterBox Commuter Series Case - Samsung Galaxy S4,79.968
2015,Luxo Economy Swing Arm Lamp,79.76
2015,Imation 16GB Mini TravelDrive USB 2.0 Flash Drive,79.512
2015,"SimpliFile Personal File, Black Granite, 15w x 6-15/16d x 11-1/4h",79.45
2015,Eldon File Chest Portable File,79.4
2015,Newell 319,79.36
2015,"Holmes Replacement Filter for HEPA Air Cleaner, Medium Room",79.31
2015,Xerox 1916,78.304
2015,"GBC Standard Recycled Report Covers, Clear Plastic Sheets",77.61600000000001
2015,Sony 16GB Class 10 Micro SDHC R40 Memory Card,77.34
2015,Tennsco Commercial Shelving,77.292
2015,"Eldon Expressions Desk Accessory, Wood Pencil Holder, Oak",77.2
2015,Safco Industrial Wire Shelving,76.792
2015,GBC DocuBind P50 Personal Binding Machine,76.776
2015,"Howard Miller 14-1/2"" Diameter Chrome Round Wall Clock",76.728
2015,Staples in misc. colors,76.168
2015,"Executive Impressions 13"" Chairman Wall Clock",76.14
2015,"Geographics Note Cards, Blank, White, 8 1/2"" x 11""",76.092
2015,Harmony Air Purifier,75.6
2015,Acme Design Stainless Steel Bent Scissors,75.24000000000001
2015,Large Capacity Hanging Post Binders,74.85
2015,"Tenex File Box, Personal Filing Tote with Lid, Black",74.448
2015,Avery 490,74.0
2015,Xerox 1954,73.92
2015,Aluminum Document Frame,73.32
2015,Staple magnet,72.73599999999999
2015,Avery 489,72.45
2015,"Square Credit Card Reader, 4 1/2"" x 4 1/2"" x 1"", White",71.928
2015,Weyerhaeuser First Choice Laser/Copy Paper (20Lb. and 88 Bright),71.28
2015,"Executive Impressions 12"" Wall Clock",70.68
2015,"Barricks 18"" x 48"" Non-Folding Utility Table with Bottom Storage Shelf",70.56
2015,"Executive Impressions 10"" Spectator Wall Clock",70.56
2015,Boston 1645 Deluxe Heavier-Duty Electric Pencil Sharpener,70.368
2015,Eldon Fold 'N Roll Cart System,69.9
2015,"Multi-Use Personal File Cart and Caster Set, Three Stacking Bins",69.52
2015,Globe Weis Peel & Seel First Class Envelopes,69.012
2015,"Howard Miller 11-1/2"" Diameter Grantwood Wall Clock",69.008
2015,Avery Non-Stick Heavy Duty View Round Locking Ring Binders,68.172
2015,Xerox 1895,68.172
2015,GBC Linen Binding Covers,68.156
2015,"Metal Folding Chairs, Beige, 4/Carton",67.88
2015,"Wirebound Service Call Books, 5 1/2"" x 4""",67.75999999999999
2015,"Boston Electric Pencil Sharpener, Model 1818, Charcoal Black",67.56
2015,Xerox 216,67.392
2015,Xerox 217,67.392
2015,Project Tote Personal File,67.344
2015,GBC DocuBind TL200 Manual Binding Machine,67.194
2015,Fellowes Desktop Hanging File Manager,67.15
2015,Newell 324,66.99
2015,Stanley Contemporary Battery Pencil Sharpeners,66.75
2015,Avery Heavy-Duty EZD View Binder with Locking Rings,66.352
2015,Boston 16801 Nautilus Battery Pencil Sharpener,66.03
2015,Texas Instruments TI-34 Scientific Calculator,65.97
2015,Xerox 1956,65.78
2015,Acme Office Executive Series Stainless Steel Trimmers,65.132
2015,GBC Standard Therm-A-Bind Covers,64.792
2015,Griffin GC17055 Auxiliary Audio Cable,64.764
2015,Xerox 1952,64.74
2015,Rosewill 107 Normal Keys USB Wired Standard Keyboard,64.704
2015,Nu-Dell Float Frame 11 x 14 1/2,64.656
2015,Laser & Ink Jet Business Envelopes,64.02
2015,Logitech M510 Wireless Mouse,63.984
2015,12-1/2 Diameter Round Wall Clock,63.936
2015,Tenex Chairmats For Use With Carpeted Floors,63.92
2015,"Adams Telephone Message Book w/Frequently-Called Numbers Space, 400 Messages per Book",63.84
2015,Ibico Plastic Spiral Binding Combs,63.839999999999996
2015,Westinghouse Clip-On Gooseneck Lamps,63.611999999999995
2015,Xerox 2000,63.504000000000005
2015,DAX Cubicle Frames - 8x10,63.47
2015,"Memo Book, 100 Message Capacity, 5 3/8” x 11”",63.355999999999995
2015,Premium Transparent Presentation Covers by GBC,62.94
2015,"#10- 4 1/8"" x 9 1/2"" Recycled Envelopes",62.928000000000004
2015,Sony 32GB Class 10 Micro SDHC R40 Memory Card,62.85
2015,"GE General Use Halogen Bulbs, 100 Watts, 1 Bulb per Pack",62.82
2015,Quality Park Security Envelopes,62.808
2015,"Recycled Desk Saver Line ""While You Were Out"" Book, 5 1/2"" X 4""",62.65
2015,Enermax Briskie RF Wireless Keyboard and Mouse Combo,62.31
2015,Park Ridge Embossed Executive Business Envelopes,62.28
2015,Xerox 214,62.208
2015,"Fellowes Mobile File Cart, Black",62.18
2015,Sauder Cornerstone Collection Library,61.96
2015,Xerox 1925,61.96
2015,DXL Angle-View Binders with Locking Rings by Samsill,61.68000000000001
2015,"Master Caster Door Stop, Large Neon Orange",61.152
2015,Xerox 1995,60.912000000000006
2015,"Cardinal HOLDit! Binder Insert Strips,Extra Strips",60.768
2015,"DAX Metal Frame, Desktop, Stepped-Edge",60.72
2015,"Companion Letter/Legal File, Black",60.416
2015,"Eldon Executive Woodline II Desk Accessories, Mahogany",60.312
2015,Advantus Plastic Paper Clips,60.0
2015,Xerox 198,59.76
2015,Newell 34,59.52
2015,Newell 345,59.52
2015,"Fellowes Twister Kit, Gray/Clear, 3/pkg",59.496
2015,Avery 505,59.2
2015,Belkin 6 Outlet Metallic Surge Strip,58.806
2015,"Avery Trapezoid Extra Heavy Duty 4"" Binders",58.716
2015,"BIC Brite Liner Grip Highlighters, Assorted, 5/Pack",58.512
2015,Memorex Micro Travel Drive 32 GB,58.416
2015,Crayola Colored Pencils,58.384
2015,Xerox 226,58.32
2015,Pastel Pink Envelopes,58.239999999999995
2015,"Floodlight Indoor Halogen Bulbs, 1 Bulb per Pack, 60 Watts",58.2
2015,SanDisk Cruzer 64 GB USB Flash Drive,58.112
2015,Eldon ProFile File 'N Store Portable File Tub Letter/Legal Size Black,57.93
2015,Xerox 1931,57.024
2015,"Eldon 200 Class Desk Accessories, Black",56.52
2015,Imation Clip USB flash drive - 8 GB,56.4
2015,Avery 480,56.25
2015,"Angle-D Binders with Locking Rings, Label Holders",56.21
2015,"TOPS Carbonless Receipt Book, Four 2-3/4 x 7-1/4 Money Receipts per Page",56.064
2015,"Hunt BOSTON Vista Battery-Operated Pencil Sharpener, Black",55.968
2015,"Verbatim 25 GB 6x Blu-ray Single Layer Recordable Disc, 3/Pack",55.92
2015,Xerox 220,55.72800000000001
2015,"Permanent Self-Adhesive File Folder Labels for Typewriters, 1 1/8 x 3 1/2, White",55.44
2015,"OIC Colored Binder Clips, Assorted Sizes",54.416
2015,Ultra Door Push Plate,54.010000000000005
2015,"BOSTON Model 1800 Electric Pencil Sharpeners, Putty/Woodgrain",53.94
2015,File Shuttle I and Handi-File,53.424
2015,Hon 61000 Series Interactive Training Tables,53.316
2015,"Eldon Expressions Punched Metal & Wood Desk Accessories, Pewter & Cherry",53.2
2015,Xerox 224,53.135999999999996
2015,EcoTones Memo Sheets,52.8
2015,Samsung Rugby III,52.792
2015,Ibico Standard Transparent Covers,52.736
2015,Samsung HM1900 Bluetooth Headset,52.68
2015,"White Business Envelopes with Contemporary Seam, Recycled White Business Envelopes",52.512
2015,Kensington 7 Outlet MasterPiece HOMEOFFICE Power Control Center,52.448
2015,"Black Print Carbonless 8 1/2"" x 8 1/4"" Rapid Memo Book",52.416000000000004
2015,"Acco Flexible ACCOHIDE Square Ring Data Binder, Dark Blue, 11 1/2"" X 14"" 7/8""",52.064
2015,"Howard Miller 11-1/2"" Diameter Ridgewood Wall Clock",51.94
2015,VariCap6 Expandable Binder,51.9
2015,Xerox 1949,51.792
2015,4009 Highlighters by Sanford,51.739999999999995
2015,Advantus Rolling Storage Box,51.45
2015,Avery Non-Stick Binders,51.18600000000001
2015,Brown Kraft Recycled Envelopes,50.94
2015,"Vinyl Coated Wire Paper Clips in Organizer Box, 800/Box",50.512
2015,Logitech Wireless Touch Keyboard K400,49.98
2015,"Master Caster Door Stop, Brown",49.784
2015,X-Rack File for Hanging Folders,49.676
2015,Peel-Off China Markers,49.65
2015,"Personal Filing Tote with Lid, Black/Gray",49.632
2015,Lumber Crayons,49.25
2015,Acco D-Ring Binder w/DublLock,49.174
2015,Xerox 1881,49.12
2015,Tops Green Bar Computer Printout Paper,48.94
2015,"Cardinal Slant-D Ring Binder, Heavy Gauge Vinyl",48.664
2015,"Array Parchment Paper, Assorted Colors",48.048
2015,Logitech Trackman Marble Mouse,47.984
2015,Acme Stainless Steel Office Snips,47.982
2015,Bulldog Vacuum Base Pencil Sharpener,47.96
2015,"BIC Brite Liner Highlighters, Chisel Tip",47.952
2015,Xerox 1967,47.952
2015,Avery 513,47.808
2015,Sabrent 4-Port USB 2.0 Hub,47.53
2015,C-Line Cubicle Keepers Polyproplyene Holder With Velcro Backings,47.3
2015,"Sanford Colorific Scented Colored Pencils, 12/Pack",47.080000000000005
2015,Logitech ClearChat Comfort/USB Headset H390,46.864
2015,Fellowes Binding Cases,46.8
2015,Xerox 229,46.656
2015,Boston KS Multi-Size Manual Pencil Sharpener,45.98
2015,Newell 351,45.92
2015,Personal Creations Ink Jet Cards and Labels,45.92
2015,"Linden 10"" Round Wall Clock, Black",45.84
2015,"Eldon Expressions Desk Accessory, Wood Photo Frame, Mahogany",45.696
2015,Xerox 1964,45.68
2015,Computer Printout Paper with Letter-Trim Perforations,45.528
2015,"GBC Clear Cover, 8-1/2 x 11, unpunched, 25 covers per pack",45.48
2015,Imation Swivel Flash Drive USB flash drive - 8 GB,45.48
2015,Sanford Liquid Accent Highlighters,45.424
2015,Xerox 225,45.36
2015,Staple-on labels,45.084
2015,Imation 8gb Micro Traveldrive Usb 2.0 Flash Drive,45.0
2015,Plantronics Encore H101 Dual Earpieces Headset,44.95
2015,"Personal Folder Holder, Ebony",44.84
2015,"DAX Value U-Channel Document Frames, Easel Back",44.73
2015,Acco 3-Hole Punch,44.675999999999995
2015,Eldon Shelf Savers Cubes and Bins,44.672
2015,"Executive Impressions 14"" Contract Wall Clock",44.46
2015,Fellowes Advanced 8 Outlet Surge Suppressor with Phone/Fax Protection,44.416
2015,Avery 475,44.4
2015,Memorex Froggy Flash Drive 4 GB,43.96
2015,Panasonic KP-4ABK Battery-Operated Pencil Sharpener,43.92
2015,"LF Elite 3D Dazzle Designer Hard Case Cover, Lf Stylus Pen and Wiper For Apple Iphone 5c Mini Lite",43.6
2015,"Trav-L-File Heavy-Duty Shuttle II, Black",43.57
2015,Hoover Commercial Soft Guard Upright Vacuum And Disposable Filtration Bags,43.512
2015,"Wirebound Message Book, 4 per Page",43.44
2015,Eldon Advantage Chair Mats for Low to Medium Pile Carpets,43.31
2015,Avery 492,43.2
2015,GBC VeloBinder Manual Binding System,43.188
2015,Nu-Dell Leatherette Frames,43.02
2015,Avery Premier Heavy-Duty Binder with Round Locking Rings,42.839999999999996
2015,"GBC Laser Imprintable Binding System Covers, Desert Sand",42.81
2015,Xerox 213,42.768
2015,"Avery Flip-Chart Easel Binder, Black",42.522
2015,Storex Dura Pro Binders,41.58
2015,Xerox 2,41.472
2015,"Adams ""While You Were Out"" Message Pads",41.448
2015,"Acco Six-Outlet Power Strip, 4' Cord Length",41.376
2015,DIXON Ticonderoga Erasable Checking Pencils,41.292
2015,"Wirebound Message Books, Two 4 1/4"" x 5"" Forms per Page",41.093999999999994
2015,Newell 320,41.088
2015,Sanford 52201 APSCO Electric Pencil Sharpener,40.97
2015,"Memorex 25GB 6X Branded Blu-Ray Recordable Disc, 15/Pack",40.776
2015,Acme Softgrip Scissors,40.7
2015,ARKON Windshield Dashboard Air Vent Car Mount Holder,40.68
2015,"Seth Thomas 8 1/2"" Cubicle Clock",40.56
2015,Wilson Jones Standard D-Ring Binders,40.480000000000004
2015,"DAX Contemporary Wood Frame with Silver Metal Mat, Desktop, 11 x 14 Size",40.48
2015,GBC Poly Designer Binding Covers,40.176
2015,Xerox 1898,40.08
2015,iOttie HLCRIO102 Car Mount,39.980000000000004
2015,Xerox 1948,39.96
2015,Avery White Multi-Purpose Labels,39.84
2015,Belkin 7 Outlet SurgeMaster II,39.48
2015,Tennsco Industrial Shelving,39.128
2015,Ibico Covers for Plastic or Wire Binding Elements,39.1
2015,Avery 51,39.06
2015,Zebra Zazzle Fluorescent Highlighters,38.912
2015,Stacking Trays by OIC,38.844
2015,Xerox 1971,38.52
2015,Pressboard Data Binders by Wilson Jones,38.448
2015,Acco 6 Outlet Guardian Basic Surge Suppressor,38.272
2015,Boston 16701 Slimline Battery Pencil Sharpener,38.256
2015,Xerox 1923,37.408
2015,"Executive Impressions 13-1/2"" Indoor/Outdoor Wall Clock",37.4
2015,SAFCO Optional Arm Kit for Workspace Cribbage Stacking Chair,37.296
2015,Eldon Wave Desk Accessories,37.222
2015,Lunatik TT5L-002 Taktik Strike Impact Protection System for iPhone 5,36.738
2015,Southworth Parchment Paper & Envelopes,36.624
2015,Xerox 1902,36.544
2015,Plastic Binding Combs,36.36
2015,G.E. Halogen Desk Lamp Bulbs,36.296
2015,Acco Side-Punched Conventional Columnar Pads,36.088
2015,"Eldon 200 Class Desk Accessories, Burgundy",35.168
2015,Rogers Deluxe File Chest,35.168
2015,Shocksock Galaxy S4 Armband,35.04
2015,Boston 16750 Black Compact Battery Pencil Sharpener,35.0
2015,Xerox 1926,34.86
2015,"Verbatim 25 GB 6x Blu-ray Single Layer Recordable Disc, 10/Pack",34.77
2015,"Peel & Seel Recycled Catalog Envelopes, Brown",34.74
2015,"ACCOHIDE 3-Ring Binder, Blue, 1""",34.692
2015,Xerox 1987,34.68
2015,Holmes 99% HEPA Air Purifier,34.656
2015,Southworth 100% Cotton The Best Paper,34.44
2015,"Message Book, Standard Line ""While You Were Out"", 5 1/2"" X 4"", 200 Sets/Book",34.24
2015,"Conquest 14 Commercial Heavy-Duty Upright Vacuum, Collection System, Accessory Kit",34.176
2015,GBC Recycled VeloBinder Covers,34.08
2015,Xerox 1947,33.488
2015,Ibico Plastic and Wire Spiral Binding Combs,32.876999999999995
2015,"Dixon My First Ticonderoga Pencil, #2",32.76
2015,"Rogers Jumbo File, Granite",32.592
2015,Xerox 211,32.400000000000006
2015,Xerox 192,32.4
2015,invisibleSHIELD by ZAGG Smudge-Free Screen Protector,32.382
2015,Prang Colored Pencils,32.34
2015,Acme Titanium Bonded Scissors,32.3
2015,Avery Recycled Flexi-View Covers for Binding Systems,32.06
2015,Telescoping Adjustable Floor Lamp,31.984
2015,Tensor Track Tree Floor Lamp,31.984
2015,Iris Project Case,31.92
2015,"Master Big Foot Doorstop, Beige",31.68
2015,Newell 32,31.68
2015,Memorex Micro Travel Drive 8 GB,31.2
2015,50 Colored Long Pencils,30.48
2015,"Acco Pressboard Covers with Storage Hooks, 9 1/2"" x 11"", Executive Red",30.48
2015,"Master Giant Foot Doorstop, Safety Yellow",30.36
2015,Eldon Gobal File Keepers,30.28
2015,Acme Kleen Earth Office Shears,30.264
2015,Newell 341,29.96
2015,Plantronics Single Ear Headset,29.925
2015,Xerox 1970,29.88
2015,"Eureka Recycled Copy Paper 8 1/2"" x 11"", Ream",29.808
2015,Jiffy Padded Mailers with Self-Seal Closure,29.808
2015,Zipper Ring Binder Pockets,29.328
2015,Avery 519,29.24
2015,Fashion Color Clasp Envelopes,29.214
2015,Wilson Jones Active Use Binders,29.12
2015,"Acco PRESSTEX Data Binder with Storage Hooks, Dark Blue, 14 7/8"" X 11""",29.052
2015,HP Standard 104 key PS/2 Keyboard,29.0
2015,Newell 35,28.863999999999997
2015,Avery 514,28.8
2015,Akro Stacking Bins,28.404
2015,Avery 518,28.349999999999998
2015,Square Credit Card Reader,27.972
2015,"Maxell Pro 80 Minute CD-R, 10/Pack",27.968
2015,Xerox 1897,27.888
2015,Avery 495,27.72
2015,GBC Instant Index System for Binding Systems,27.528
2015,"Acme Design Line 8"" Stainless Steel Bent Scissors w/Champagne Handles, 3-1/8"" Cut",27.36
2015,"Wirebound Message Books, Four 2 3/4 x 5 White Forms per Page",26.76
2015,Avery Metallic Poly Binders,26.358
2015,Advantus Motivational Note Cards,26.2
2015,Crate-A-Files,26.16
2015,Fellowes Basic Home/Office Series Surge Protectors,25.96
2015,"Avery Framed View Binder, EZD Ring (Locking), Navy, 1 1/2""",25.948
2015,Xerox 1957,25.92
2015,Xerox 1985,25.92
2015,Xerox 1994,25.92
2015,Xerox 205,25.92
2015,Xerox 210,25.92
2015,Xerox 23,25.92
2015,Recycled Pressboard Report Cover with Reinforced Top Hinge,25.84
2015,"DAX Cubicle Frames, 8-1/2 x 11",25.71
2015,"Wilson Jones Elliptical Ring 3 1/2"" Capacity Binders, 800 sheets",25.68
2015,Dana Swing-Arm Lamps,25.632
2015,"GBC Pre-Punched Binding Paper, Plastic, White, 8-1/2"" x 11""",25.584
2015,Prang Drawing Pencil Set,25.575999999999997
2015,"RSVP Cards & Envelopes, Blank White, 8-1/2"" X 11"", 24 Cards/25 Envelopes/Set",25.4
2015,"DAX Copper Panel Document Frame, 5 x 7 Size",25.16
2015,OIC Binder Clips,25.06
2015,Xerox 190,24.9
2015,Self-Adhesive Address Labels for Typewriters by Universal,24.854
2015,Xerox 1966,24.624000000000002
2015,"Ampad Poly Cover Wirebound Steno Book, 6"" x 9"" Assorted Colors, Gregg Ruled",24.516
2015,"Avery 4027 File Folder Labels for Dot Matrix Printers, 5000 Labels per Box, White",24.424
2015,Newell 350,24.272
2015,DIXON Oriole Pencils,24.252
2015,"Westinghouse Floor Lamp with Metal Mesh Shade, Black",23.99
2015,Mediabridge Sport Armband iPhone 5s,23.976
2015,Xerox 1921,23.976
2015,"Perma STOR-ALL Hanging File Box, 13 1/8""W x 12 1/4""D x 10 1/2""H",23.92
2015,Xerox 1983,23.92
2015,Cardinal Holdit Business Card Pockets,23.904000000000003
2015,"Verbatim 25 GB 6x Blu-ray Single Layer Recordable Disc, 1/Pack",23.84
2015,Newell 3-Hole Punched Plastic Slotted Magazine Holders for Binders,23.764000000000003
2015,"Wilson Jones 1"" Hanging DublLock Ring Binders",23.759999999999998
2015,Wilson Jones Hanging Recycled Pressboard Data Binders,23.744
2015,"Maxell 74 Minute CDR, 10/Pack",23.472
2015,Wilson Jones Custom Binder Spines & Labels,23.392
2015,"Commercial WindTunnel Clean Air Upright Vacuum, Replacement Belts, Filtration Bags",23.34
2015,"Master Caster Door Stop, Large Brown",23.296
2015,Avery File Folder Labels,23.04
2015,GBC VeloBinder Strips,23.04
2015,Newell 321,22.96
2015,"#10- 4 1/8"" x 9 1/2"" Security-Tint Envelopes",22.919999999999998
2015,"TOPS 4 x 6 Fluorescent Color Memo Sheets, 500 Sheets per Pack",22.776
2015,"Adams Write n' Stick Phone Message Book, 11"" X 5 1/4"", 200 Messages",22.72
2015,"Wilson Jones Hanging View Binder, White, 1""",22.72
2015,Stockwell Push Pins,22.672
2015,Newell 322,22.568
2015,Advantus T-Pin Paper Clips,22.55
2015,Avery Durable Binders,22.464
2015,Fluorescent Highlighters by Dixon,22.288
2015,"Acme Hot Forged Carbon Steel Scissors with Nickel-Plated Handles, 3 7/8"" Cut, 8""L",22.24
2015,Southworth 25% Cotton Granite Paper & Envelopes,22.236
2015,3M Hangers With Command Adhesive,22.2
2015,Cardinal EasyOpen D-Ring Binders,21.936
2015,Southworth Structures Collection,21.84
2015,Peel & Seel Envelopes,21.728
2015,GBC Personal VeloBind Strips,21.564
2015,Avery 481,21.56
2015,Xerox 1974,21.528
2015,Newell 347,21.4
2015,"Sortfiler Multipurpose Personal File Organizer, Black",21.39
2015,"Binney & Smith Crayola Metallic Colored Pencils, 8-Color Set",21.298000000000002
2015,SANFORD Major Accent Highlighters,21.24
2015,Memorex Micro Travel Drive 4 GB,21.2
2015,Acme Value Line Scissors,21.169999999999998
2015,Newell 317,21.168
2015,Xerox 1972,21.12
2015,Xerox 1981,21.12
2015,"Adams Phone Message Book, Professional, 400 Message Capacity, 5 3/6” x 11”",20.94
2015,"Avery 3 1/2"" Diskette Storage Pages, 10/Pack",20.88
2015,Avery 494,20.88
2015,"Acco Data Flex Cable Posts For Top & Bottom Load Binders, 6"" Capacity",20.86
2015,"Premium Writing Pencils, Soft, #2 by Central Association for the Blind",20.86
2015,Xerox 221,20.736
2015,Avery 506,20.65
2015,Newell Chalk Holder,20.65
2015,"Binney & Smith inkTank Erasable Pocket Highlighter, Chisel Tip, Yellow",20.52
2015,Avery Durable Slant Ring Binders With Label Holder,20.064
2015,OIC Stacking Trays,20.04
2015,Document Clip Frames,20.016
2015,Akro-Mils 12-Gallon Tote,19.86
2015,Sterling Rubber Bands by Alliance,19.782
2015,Wilson Jones data.warehouse D-Ring Binders with DublLock,19.752
2015,"Message Book, Phone, Wirebound Standard Line Memo, 2 3/4"" X 5""",19.65
2015,Advantus Panel Wall Certificate Holder - 8.5x11,19.52
2015,Xerox 1993,19.44
2015,Xerox 209,19.44
2015,Belkin Premiere Surge Master II 8-outlet surge protector,19.432
2015,Newell 343,19.404
2015,"Wirebound Four 2-3/4 x 5 Forms per Page, 400 Sets per Book",19.35
2015,Xerox 1903,19.136
2015,Things To Do Today Spiral Book,19.008
2015,Flexible Leather- Look Classic Collection Ring Binder,18.94
2015,Avery 48,18.9
2015,Plymouth Boxed Rubber Bands by Plymouth,18.84
2015,Smead Alpha-Z Color-Coded Name Labels First Letter Starter Set,18.75
2015,Acme Forged Steel Scissors with Black Enamel Handles,18.62
2015,Advantus Panel Wall Acrylic Frame,18.598
2015,G.E. Longer-Life Indoor Recessed Floodlight Bulbs,18.592
2015,Avery Binding System Hidden Tab Executive Style Index Sets,18.464
2015,"Acco Pressboard Covers with Storage Hooks, 14 7/8"" x 11"", Executive Red",18.288
2015,Newell 315,17.94
2015,Newell 330,17.94
2015,Xerox 1992,17.94
2015,Recycled Easel Ring Binders,17.904
2015,Newell 314,17.856
2015,DAX Clear Channel Poster Frame,17.496
2015,Dax Clear Box Frame,17.46
2015,Fellowes Presentation Covers for Comb Binding Machines,17.46
2015,Tuff Stuff Recycled Round Ring Binders,17.352
2015,Xerox 1978,17.34
2015,"Pressboard Data Binder, Crimson, 12"" X 8 1/2""",17.088
2015,Avery Self-Adhesive Photo Pockets for Polaroid Photos,17.025
2015,Colored Push Pins,17.014
2015,Spigen Samsung Galaxy S5 Case Wallet,16.99
2015,GBC Premium Transparent Covers with Diagonal Lined Pattern,16.784
2015,Black & Decker Filter for Double Action Dustbuster Cordless Vac BLDV7210,16.78
2015,Hoover Commercial Lightweight Upright Vacuum,16.704
2015,"REDIFORM Incoming/Outgoing Call Register, 11"" X 8 1/2"", 100 Messages",16.68
2015,ACCOHIDE Binder by Acco,16.52
2015,Newell 329,16.4
2015,Storex DuraTech Recycled Plastic Frosted Binders,16.112000000000002
2015,Avery Hidden Tab Dividers for Binding Systems,16.092
2015,Sterilite Show Offs Storage Containers,15.84
2015,Xerox 1990,15.84
2015,Xerox 4200 Series MultiUse Premium Copy Paper (20Lb. and 84 Bright),15.84
2015,Avery 509,15.66
2015,"Eldon Regeneration Recycled Desk Accessories, Smoke",15.66
2015,Xerox 1976,15.552
2015,Xerox 203,15.552
2015,Xerox 21,15.552
2015,SpineVue Locking Slant-D Ring Binders by Cardinal,15.538
2015,Xerox 1900,15.408000000000001
2015,Longer-Life Soft White Bulbs,15.4
2015,Stiletto Hand Letter Openers,15.36
2015,Security-Tint Envelopes,15.28
2015,Pizazz Global Quick File,14.97
2015,Acrylic Self-Standing Desk Frames,14.952
2015,Avery 483,14.94
2015,"Eberhard Faber 3 1/2"" Golf Pencils",14.88
2015,Avery 501,14.76
2015,"Eldon Expressions Wood Desk Accessories, Oak",14.76
2015,Staple remover,14.72
2015,Newell 331,14.67
2015,UniKeep View Case Binders,14.67
2015,Strathmore Photo Frame Cards,14.62
2015,Convenience Packs of Business Envelopes,14.48
2015,"GBC White Gloss Covers, Plain Front",14.48
2015,Avery 512,14.45
2015,Self-Adhesive Ring Binder Labels,14.431999999999999
2015,Avery Hanging File Binders,14.352
2015,Nontoxic Chalk,14.08
2015,Peel & Stick Add-On Corner Pockets,14.04
2015,Bionaire 99.97% HEPA Air Cleaner,14.016
2015,Belkin 7-Outlet SurgeMaster Home Series,13.97
2015,"Wilson Jones Clip & Carry Folder Binder Tool for Ring Binders, Clear",13.92
2015,"Acco Pressboard Covers with Storage Hooks, 14 7/8"" x 11"", Light Blue",13.748000000000001
2015,Wilson Jones Suede Grain Vinyl Binders,13.622
2015,Griffin GC36547 PowerJolt SE Lightning Charger,13.494
2015,Spiral Phone Message Books with Labels by Adams,13.44
2015,Xerox 1986,13.36
2015,Avery Durable Poly Binders,13.272
2015,Acco Hot Clips Clips to Go,13.16
2015,Newell 348,13.12
2015,"Avery Hi-Liter GlideStik Fluorescent Highlighter, Yellow Ink",13.04
2015,"Sanitaire Vibra Groomer IR Commercial Upright Vacuum, Replacement Belts",13.0
2015,3M Organizer Strips,12.96
2015,Xerox 1999,12.96
2015,Xerox 204,12.96
2015,GBC Instant Report Kit,12.94
2015,Xerox 1927,12.84
2015,Xerox 199,12.84
2015,"Dixon Prang Watercolor Pencils, 10-Color Set with Brush",12.78
2015,Letter or Legal Size Expandable Poly String Tie Envelopes,12.768
2015,"Eldon Image Series Desk Accessories, Burgundy",12.54
2015,Wilson Jones Turn Tabs Binder Tool for Ring Binders,12.532
2015,Eldon Image Series Black Desk Accessories,12.42
2015,GBC Standard Plastic Binding Systems Combs,12.39
2015,Newell 325,12.39
2015,"Square Ring Data Binders, Rigid 75 Pt. Covers, 11"" x 14-7/8""",12.384
2015,"Eldon Image Series Desk Accessories, Ebony",12.35
2015,Insertable Tab Post Binder Dividers,12.030000000000001
2015,Xerox 1965,11.96
2015,Acme Rosewood Handle Letter Opener,11.91
2015,Advantus Map Pennant Flags and Round Head Tacks,11.85
2015,Pressboard Hanging Data Binders for Unburst Sheets,11.808
2015,"Redi-Strip #10 Envelopes, 4 1/8 x 9 1/2",11.8
2015,Avery 508,11.784
2015,Newell 332,11.76
2015,Revere Boxed Rubber Bands by Revere,11.718
2015,"Advantus Push Pins, Aluminum Head",11.62
2015,Xerox 1899,11.56
2015,"While You Were Out Pads, 50 per Pad, 4 x 5 1/4, Green Cycle",11.352
2015,Avery Hole Reinforcements,11.214
2015,OIC Thumb-Tacks,11.172
2015,QVS USB Car Charger 2-Port 2.1Amp for iPod/iPhone/iPad/iPad 2/iPad 3,11.12
2015,Colored Envelopes,11.07
2015,Poly String Tie Envelopes,11.016
2015,DAX Wood Document Frame.,10.984
2015,"Avery Durable Plastic 1"" Binders",10.896
2015,Prang Dustless Chalk Sticks,10.752
2015,"Binney & Smith inkTank Desk Highlighter, Chisel Tip, Yellow, 12/Box",10.75
2015,Turquoise Lead Holder with Pocket Clip,10.72
2015,Avery Fluorescent Highlighter Four-Color Set,10.688
2015,"Sanford EarthWrite Recycled Pencils, Medium Soft, #2",10.5
2015,"Acco Four Pocket Poly Ring Binder with Label Holder, Smoke, 1""",10.43
2015,Xerox 200,10.368
2015,Contemporary Borderless Frame,10.332
2015,Martin-Yale Premier Letter Opener,10.304
2015,Eldon 100 Class Desk Accessories,10.11
2015,"Binney & Smith inkTank Erasable Desk Highlighter, Chisel Tip, Yellow, 12/Box",10.08
2015,GBC Standard Plastic Binding Systems' Combs,10.048
2015,PowerGen Dual USB Car Charger,9.99
2015,Hammermill CopyPlus Copy Paper (20Lb. and 84 Bright),9.96
2015,BIC Brite Liner Highlighters,9.936
2015,Avery 476,9.912
2015,Wilson Jones Four-Pocket Poly Binders,9.81
2015,PNY Rapid USB Car Charger - Black,9.588
2015,"Adams Telephone Message Book W/Dividers/Space For Phone Numbers, 5 1/4""X8 1/2"", 300/Messages",9.408
2015,"OIC #2 Pencils, Medium Soft",9.399999999999999
2015,Newell 312,9.344
2015,American Pencil,9.32
2015,Acme Kleencut Forged Steel Scissors,9.184
2015,Imation USB 2.0 Swivel Flash Drive USB flash drive - 4 GB - Pink,9.09
2015,"GBC Prepunched Paper, 19-Hole, for Binding Systems, 24-lb",9.006
2015,"Stacking Tray, Side-Loading, Legal, Smoke",8.96
2015,Woodgrain Magazine Files by Perma,8.94
2015,Eldon Pizzaz Desk Accessories,8.92
2015,Newell 335,8.64
2015,Newell 340,8.64
2015,"Acco PRESSTEX Data Binder with Storage Hooks, Light Blue, 9 1/2"" X 11""",8.608
2015,Trimflex Flexible Post Binders,8.552
2015,Maxell 4.7GB DVD-R 5/Pack,8.514
2015,Astroparche Fine Business Paper,8.448
2015,Xerox 1963,8.448
2015,OIC Bulk Pack Metal Binder Clips,8.376
2015,Binder Clips by OIC,8.288
2015,"SlimView Poly Binder, 3/8""",8.288
2015,Avery 488,8.19
2015,Fellowes Black Plastic Comb Bindings,8.134
2015,"Avery Triangle Shaped Sheet Lifters, Black, 2/Pack",8.118
2015,"Eldon Spacemaker Box, Quick-Snap Lid, Clear",8.016
2015,Economy #2 Pencils,7.98
2015,Avery 479,7.83
2015,"C-Line Peel & Stick Add-On Filing Pockets, 8-3/4 x 5-1/8, 10/Pack",7.644
2015,Acme Serrated Blade Letter Opener,7.632
2015,Avery Poly Binder Pockets,7.16
2015,Kingston Digital DataTraveler 16GB USB 2.0,7.16
2015,"Acco Banker's Clasps, 5 3/4""-Long",6.912
2015,"Pressboard Covers with Storage Hooks, 9 1/2"" x 11"", Light Blue",6.8740000000000006
2015,Newell 327,6.63
2015,"Sanford Uni-Blazer View Highlighters, Chisel Tip, Yellow",6.6
2015,Tops Wirebound Message Log Books,6.58
2015,Advantus Push Pins,6.54
2015,Xerox 223,6.48
2015,"Acco PRESSTEX Data Binder with Storage Hooks, Dark Blue, 9 1/2"" X 11""",6.456
2015,"Eldon 200 Class Desk Accessories, Smoke",6.28
2015,Serrated Blade or Curved Handle Hand Letter Openers,6.28
2015,12 Colored Short Pencils,6.24
2015,Stackable Trays,6.16
2015,Acco Hanging Data Binders,6.096
2015,"Acco Pressboard Covers with Storage Hooks, 14 7/8"" x 11"", Dark Blue",6.096
2015,Great White Multi-Use Recycled Paper (20Lb. and 84 Bright),5.98
2015,"Avery Durable Slant Ring Binders, No Labels",5.97
2015,Kingston Digital DataTraveler 8GB USB 2.0,5.95
2015,Sannysis Cute Owl Design Soft Skin Case Cover for Samsung Galaxy S4,5.94
2015,Avery 52,5.904
2015,"1/4 Fold Party Design Invitations & White Envelopes, 24 8-1/2"" X 11"" Cards, 25 Env./Pack",5.88
2015,"Acco Clips to Go Binder Clips, 24 Clips in Two Sizes",5.68
2015,3-ring staple pack,5.64
2015,Rogers Handheld Barrel Pencil Sharpener,5.48
2015,Wilson Jones Easy Flow II Sheet Lifters,5.4
2015,Blackstonian Pencils,5.34
2015,BIC Brite Liner Grip Highlighters,5.248
2015,Newell 313,5.248
2015,Permanent Self-Adhesive File Folder Labels for Typewriters by Universal,5.22
2015,Wilson Jones Impact Binders,5.18
2015,Letter Slitter,5.04
2015,Smead Alpha-Z Color-Coded Second Alphabetical Labels and Starter Set,4.928
2015,"Adams Telephone Message Books, 5 1/4” x 11”",4.832
2015,Xerox 1924,4.624
2015,"Super Bands, 12/Pack",4.464
2015,Newell 333,4.448
2015,GBC Plastic Binding Combs,4.428
2015,Newell 310,4.224
2015,Regeneration Desk Collection,4.224
2015,Newell 31,4.13
2015,Ideal Clamps,4.02
2015,Faber Castell Col-Erase Pencils,3.912
2015,"Avery Hi-Liter Comfort Grip Fluorescent Highlighter, Yellow Ink",3.9
2015,Wirebound Voice Message Log Book,3.808
2015,Avery 487,3.69
2015,Prestige Round Ring Binders,3.648
2015,"Ampad Evidence Wirebond Steno Books, 6"" x 9""",3.488
2015,Avery Hi-Liter Fluorescent Desk Style Markers,3.38
2015,Avoid Verbal Orders Carbonless Minifold Book,3.38
2015,Newell 308,3.36
2015,Angle-D Ring Binders,3.282
2015,"Hoover Replacement Belts For Soft Guard & Commercial Ltweight Upright Vacs, 2/Pk",3.16
2015,Maxell CD-R Discs,3.152
2015,Accohide Poly Flexible Ring Binders,2.992
2015,Assorted Color Push Pins,2.896
2015,Avery 482,2.89
2015,Avery 49,2.88
2015,Insertable Tab Indexes For Data Binders,2.862
2015,SANFORD Liquid Accent Tank-Style Highlighters,2.84
2015,Cardinal Poly Pocket Divider Pockets for Ring Binders,2.688
2015,"Bravo II Megaboss 12-Amp Hard Body Upright, Replacement Belts, 2 Belts per Pack",2.6
2015,Avery 520,2.52
2015,Acco Suede Grain Vinyl Round Ring Binder,2.502
2015,"OIC Binder Clips, Mini, 1/4"" Capacity, Black",1.984
2015,Maxell 4.7GB DVD+R 5/Pack,1.98
2015,Presstex Flexible Ring Binders,1.365
2015,Computer Printout Index Tabs,1.344
2015,"Universal Recycled Hanging Pressboard Report Binders, Letter Size",1.234
2015,Avery Binder Labels,1.167
2015,Acco Economy Flexible Poly Round Ring Binder,1.044
2015,Avery Round Ring Poly Binders,0.852
2016,Fellowes PB500 Electric Punch Plastic Comb Binding Machine with Manual Bind,15760.276
2016,"Riverside Palais Royal Lawyers Bookcase, Royale Cherry Finish",11717.034
2016,Zebra ZM400 Thermal Label Printer,6965.700000000001
2016,Canon PC1060 Personal Laser Copier,6019.914000000001
2016,Zebra GX420t Direct Thermal/Thermal Transfer Printer,5521.88
2016,GBC Ibimaster 500 Manual ProClick Binding System,5402.958
2016,HON 5400 Series Task Chairs for Big and Tall,5257.35
2016,Canon PC940 Copier,4589.898
2016,Chromcraft Bull-Nose Wood Oval Conference Tables & Bases,4297.644
2016,Cisco 9971 IP Video Phone Charcoal,4268.0
2016,"Sanyo Counter Height Refrigerator with Crisper, 3.6 Cubic Foot, Stainless Steel/Black",4265.82
2016,Plantronics Savi W720 Multi-Device Wireless Headset System,4135.11
2016,Hon Olson Stacker Chairs,3945.222
2016,"Atlantic Metals Mobile 3-Shelf Bookcases, Custom Colors",3625.0121999999997
2016,Mitel MiVoice 5330e IP Phone,3574.87
2016,GuestStacker Chair with Chrome Finish Legs,3568.896
2016,Safco Contoured Stacking Chairs,3409.12
2016,Logitech diNovo Edge Keyboard,3249.87
2016,Hoover Upright Vacuum With Dirt Cup,3069.018
2016,Wilson Electronics DB Pro Signal Booster,3007.2
2016,Plantronics CS510 - Over-the-Head monaural Wireless Headset System,2969.55
2016,Global Comet Stacking Arm Chair,2957.5699999999997
2016,ShoreTel ShorePhone IP 230 VoIP phone,2906.628
2016,Cisco SPA301,2901.414
2016,Bretford CR4500 Series Slim Rectangular Table,2890.143
2016,Canon Imageclass D680 Copier / Fax,2799.96
2016,Sharp AL-1530CS Digital Copier,2799.944
2016,Polycom SoundStation2 EX Conference phone,2753.66
2016,Brother DCP1000 Digital 3 in 1 Multifunction Machine,2699.91
2016,Hon 4070 Series Pagoda Armless Upholstered Stacking Chairs,2683.916
2016,Hon Pagoda Stacking Chairs,2567.84
2016,Logitech VX Revolution Cordless Laser Mouse for Notebooks (Black),2519.86
2016,Hon 2090 “Pillow Soft” Series Mid Back Swivel/Tilt Chairs,2472.624
2016,DMI Eclipse Executive Suite Bookcases,2429.753
2016,"Hot File 7-Pocket, Floor Stand",2427.192
2016,Sharp 1540cs Digital Laser Copier,2309.958
2016,Tenex Antistatic Computer Chair Mats,2291.1319999999996
2016,Bevis 36 x 72 Conference Tables,2240.8199999999997
2016,SAFCO Arco Folding Chair,2209.6
2016,"Bevis Round Bullnose 29"" High Table Top",2129.622
2016,Hon Every-Day Series Multi-Task Chairs,2124.174
2016,Tennsco 6- and 18-Compartment Lockers,2121.3599999999997
2016,Bretford CR8500 Series Meeting Room Furniture,2085.096
2016,"Global High-Back Leather Tilter, Burgundy",2053.933
2016,Global Troy Executive Leather Low-Back Tilter,2003.92
2016,Adjustable Depth Letter/Legal Cart,1959.768
2016,Enermax Acrylux Wireless Keyboard,1952.16
2016,"Atlantic Metals Mobile 4-Shelf Bookcases, Custom Colors",1938.762
2016,Bady BDG101FRU Card Printer,1919.976
2016,O'Sullivan Living Dimensions 3-Shelf Bookcases,1919.359
2016,Bush Advantage Collection Round Conference Table,1913.4
2016,"Riverside Furniture Oval Coffee Table, Oval End Table, End Table with Drawer",1893.21
2016,Samsung Galaxy S4 Mini,1879.96
2016,"Global Leather Highback Executive Chair with Pneumatic Height Adjustment, Black",1849.016
2016,"Atlantic Metals Mobile 5-Shelf Bookcases, Custom Colors",1841.9976
2016,Tennsco Single-Tier Lockers,1801.632
2016,Cubify CubeX 3D Printer Double Head Print,1799.994
2016,Hewlett Packard 610 Color Digital Copier / Printer,1799.964
2016,Wilson SignalBoost 841262 DB PRO Amplifier Kit,1799.75
2016,"Tennsco Snap-Together Open Shelving Units, Starter Sets and Add-On Units",1788.672
2016,Cisco IP Phone 7961G-GE VoIP phone,1732.6399999999999
2016,Razer Tiamat Over Ear 7.1 Surround Sound PC Gaming Headset,1719.914
2016,Hon Racetrack Conference Tables,1706.315
2016,Nortel Meridian M3904 Professional Digital phone,1693.89
2016,Polycom VVX 310 VoIP phone,1691.906
2016,Office Star - Contemporary Swivel Chair with Padded Adjustable Arms and Flex Back,1691.76
2016,Fellowes Officeware Wire Shelving,1634.906
2016,Logitech G19 Programmable Gaming Keyboard,1611.8700000000001
2016,"Stur-D-Stor Shelving, Vertical 5-Shelf: 72""H x 36""W x 18 1/2""D",1553.72
2016,Fellowes High-Stak Drawer Files,1550.472
2016,Hon Multipurpose Stacking Arm Chairs,1516.2
2016,"Global Manager's Adjustable Task Chair, Storm",1509.8
2016,Hoover Shoulder Vac Commercial Portable Vacuum,1502.844
2016,"Tennsco Stur-D-Stor Boltless Shelving, 5 Shelves, 24"" Deep, Sand",1488.4099999999999
2016,ClearOne CHATAttach 160 - speaker phone,1487.976
2016,Fellowes Super Stor/Drawer Files,1453.95
2016,Office Star - Mid Back Dual function Ergonomic High Back Chair with 2-Way Adjustable Arms,1448.82
2016,Hon Olson Stacker Stools,1408.1
2016,Office Star - Professional Matrix Back Chair with 2-to-1 Synchro Tilt and Mesh Fabric Seat,1403.92
2016,High-Back Leather Manager's Chair,1403.892
2016,Digium D40 VoIP phone,1393.092
2016,Cisco SPA525G2 5-Line IP Phone,1379.92
2016,O'Sullivan Living Dimensions 5-Shelf Bookcases,1352.3976
2016,Tennsco Double-Tier Lockers,1350.12
2016,GBC DocuBind TL300 Electric Binding System,1345.485
2016,Iceberg Mobile Mega Data/Printer Cart,1299.5639999999999
2016,"Chromcraft Bull-Nose Wood Round Conference Table Top, Wood Base",1263.53
2016,"Bevis Oval Conference Table, Walnut",1252.704
2016,Kensington 4 Outlet MasterPiece Compact Power Control Center,1252.328
2016,Deluxe Rollaway Locking File with Drawer,1247.64
2016,Global Ergonomic Managers Chair,1230.6640000000002
2016,Aastra 6757i CT Wireless VoIP phone,1206.464
2016,Global Highback Leather Tilter in Burgundy,1201.068
2016,Razer Kraken PRO Over Ear PC and Music Headset,1199.85
2016,LG G3,1175.94
2016,Imation Bio 8GB USB Flash Drive Imation Corp,1163.68
2016,Avanti 4.4 Cu. Ft. Refrigerator,1158.272
2016,Harbour Creations Steel Folding Chair,1147.125
2016,HTC One Mini,1133.91
2016,Bevis Round Conference Table Top & Single Column Base,1126.8180000000002
2016,O'Sullivan 2-Door Barrister Bookcase in Odessa Pine,1122.076
2016,Canon PC-428 Personal Copier,1119.944
2016,Deflect-o Glass Clear Studded Chair Mats,1119.24
2016,Bose SoundLink Bluetooth Speaker,1114.4
2016,Logitech G700s Rechargeable Gaming Mouse,1099.8899999999999
2016,O'Sullivan Cherrywood Estates Traditional Barrister Bookcase,1072.344
2016,"Sauder Forest Hills Library, Woodland Oak Finish",1064.399
2016,Bretford Rectangular Conference Table Tops,1053.164
2016,Tennsco 16-Compartment Lockers with Coat Rack,1036.624
2016,Star Micronics TSP100 TSP143LAN Receipt Printer,1035.8
2016,Aastra 57i VoIP phone,1034.304
2016,Cisco Unified IP Phone 7945G VoIP phone,1022.97
2016,Bush Advantage Collection Racetrack Conference Table,1018.104
2016,"Global Push Button Manager's Chair, Indigo",1016.863
2016,Hon 2111 Invitation Series Corner Table,1004.976
2016,Economy Rollaway Files,991.2
2016,Logitech Z-906 Speaker sys - home theater - 5.1-CH,989.97
2016,Logitech G35 7.1-Channel Surround Sound Headset,987.9240000000001
2016,"Dot Matrix Printer Tape Reel Labels, White, 5000/Box",983.1
2016,Panasonic KX-TG9471B,979.95
2016,Samsung Rugby III,976.6519999999999
2016,"Global Leather and Oak Executive Chair, Black",963.136
2016,Honeywell Enviracaire Portable HEPA Air Cleaner for 17' x 22' Room,962.08
2016,Hewlett Packard LaserJet 3310 Copier,959.984
2016,Fellowes Recycled Storage Drawers,954.8580000000001
2016,Carina Double Wide Media Storage Towers in Natural & Black,939.368
2016,Logitech K350 2.4Ghz Wireless Keyboard,935.6759999999999
2016,Honeywell Enviracaire Portable HEPA Air Cleaner for up to 10 x 16 Room,925.35
2016,Global Deluxe High-Back Manager's Chair,915.136
2016,"Lesro Round Back Collection Coffee Table, End Table",912.75
2016,Standard Rollaway File with Lock,900.95
2016,KI Conference Tables,900.303
2016,Razer Kraken 7.1 Surround Sound Over Ear USB Gaming Headset,899.91
2016,Geemarc AmpliPOWER60,890.8799999999999
2016,"Office Star - Contemporary Task Swivel chair with Loop Arms, Charcoal",890.664
2016,"SAFCO Commercial Wire Shelving, Black",884.096
2016,Motorola L703CM,873.5440000000001
2016,Hon Mobius Operator's Chair,860.93
2016,Harmony Air Purifier,850.5
2016,Logitech G602 Wireless Gaming Mouse,847.894
2016,Jabra SPEAK 410,845.91
2016,Vtech CS6719,844.712
2016,"GE 48"" Fluorescent Tube, Cool White Energy Saver, 34 Watts, 30/Box",833.5319999999999
2016,Honeywell Enviracaire Portable HEPA Air Cleaner for 16' x 20' Room,826.11
2016,AT&T 1080 Phone,821.94
2016,"Hon Metal Bookcases, Black",809.172
2016,Cameo Buff Policy Envelopes,808.99
2016,Hon Rectangular Conference Tables,796.425
2016,"Situations Contoured Folding Chairs, 4/Set",794.976
2016,Samsung Galaxy Note 3,791.964
2016,"Global Armless Task Chair, Royal Blue",786.6419999999999
2016,Plantronics Calisto P620-M USB Wireless Speakerphone System,783.96
2016,Toshiba IPT2010-SD IP Telephone,778.344
2016,"Global Value Steno Chair, Gray",777.472
2016,Fellowes Staxonsteel Drawer Files,772.68
2016,"Iceberg OfficeWorks 42"" Round Tables",754.9
2016,LG Exalt,748.752
2016,RCA ViSYS 25825 Wireless digital phone,727.944
2016,Space Solutions Commercial Steel Shelving,724.08
2016,Tyvek Side-Opening Peel & Seel Expanding Envelopes,723.84
2016,Letter Size Cart,714.3
2016,Hon 94000 Series Round Tables,710.832
2016,Global Deluxe Office Fabric Chairs,710.252
2016,Safco Industrial Wire Shelving System,709.644
2016,O'Sullivan 3-Shelf Heavy-Duty Bookcases,709.308
2016,Samsung Galaxy S III - 16GB - pebble blue (T-Mobile),699.98
2016,Howard Miller 12-3/4 Diameter Accuwave DS  Wall Clock,692.472
2016,"Rush Hierlooms Collection 1"" Thick Stackable Bookcases",683.9200000000001
2016,VTech DS6151,680.346
2016,Logitech Gaming G510s - Keyboard,679.92
2016,GBC DocuBind TL200 Manual Binding Machine,671.94
2016,Safco Industrial Wire Shelving,671.93
2016,GBC DocuBind P50 Personal Binding Machine,671.79
2016,Martin Yale Chadless Opener Electric Letter Opener,666.248
2016,"Rubbermaid ClusterMat Chairmats, Mat Size- 66"" x 60"", Lip 20"" x 11"" -90 Degree Angle",665.88
2016,GBC DocuBind P100 Manual Binding Machine,663.92
2016,Panasonic KX T7736-B Digital phone,659.78
2016,GE 2-Jack Phone Line Splitter,659.168
2016,AT&T 1080 Corded phone,657.552
2016,Dana Halogen Swing-Arm Architect Lamp,655.52
2016,NETGEAR N750 Dual Band Wi-Fi Gigabit Router,648.0
2016,Logitech Mobile Speakerphone P710e - speaker phone,647.904
2016,Catalog Binders with Expanding Posts,645.888
2016,Easy-staple paper,645.312
2016,SAFCO Boltless Steel Shelving,636.384
2016,Jawbone JAMBOX Wireless Bluetooth Speaker,631.96
2016,Ativa MDM8000 8-Sheet Micro-Cut Shredder,629.93
2016,"Global Fabric Manager's Chair, Dark Gray",626.076
2016,Samsung Galaxy S4,625.99
2016,Electrix Halogen Magnifier Lamp,621.76
2016,Logitech P710e Mobile Speakerphone,617.976
2016,Tennsco Industrial Shelving,616.266
2016,O'Sullivan Manor Hill 2-Door Library in Brianna Oak,615.332
2016,"Avery 4027 File Folder Labels for Dot Matrix Printers, 5000 Labels per Box, White",610.6
2016,Kensington 7 Outlet MasterPiece Power Center with Fax/Phone Line Protection,601.692
2016,Star Micronics TSP800 TSP847IIU Receipt Printer,600.53
2016,Canon PC1080F Personal Copier,599.99
2016,Kensington Orbit Wireless Mobile Trackball for PC and Mac,599.9
2016,Office Star - Contemporary Task Swivel Chair,599.2919999999999
2016,Global Commerce Series High-Back Swivel/Tilt Chairs,598.458
2016,"Global Value Mid-Back Manager's Chair, Gray",596.722
2016,"Howard Miller 13"" Diameter Pewter Finish Round Wall Clock",592.5719999999999
2016,"Hunt PowerHouse Electric Pencil Sharpener, Blue",592.488
2016,GBC Therma-A-Bind 250T Electric Binding System,590.352
2016,Polycom VoiceStation 500 Conference phone,589.9
2016,Sauder Camden County Collection Library,586.398
2016,Xerox 1883,585.636
2016,Panasonic KX TS3282W Corded phone,577.932
2016,Hon 4070 Series Pagoda Round Back Stacking Chairs,577.764
2016,Konftel 250 Conference phone - Charcoal black,569.64
2016,"Fellowes Strictly Business Drawer File, Letter/Legal Size",563.4
2016,HTC One,559.944
2016,Okidata C331dn Printer,558.4
2016,"SAFCO Mobile Desk Side File, Wire Frame",555.88
2016,Hon GuestStacker Chair,544.008
2016,AT&T 17929 Lendline Telephone,542.88
2016,Kensington 6 Outlet MasterPiece HOMEOFFICE Power Control Center,541.44
2016,Microsoft Natural Keyboard Elite,538.92
2016,"Holmes Replacement Filter for HEPA Air Cleaner, Very Large Room, HEPA Filter",536.7180000000001
2016,Cisco SPA 502G IP Phone,527.78
2016,Novimex High-Tech Fabric Mesh Task Chair,525.252
2016,"Mini 13-1/2 Capacity Data Binder Rack, Pearl",523.48
2016,"Eureka The Boss Plus 12-Amp Hard Box Upright Vacuum, Red",523.25
2016,"Eldon ""L"" Workstation Diamond Chairmat",516.664
2016,Office Star - Mesh Screen back chair with Vinyl seat,510.822
2016,"Bush Andora Bookcase, Maple/Graphite Gray Finish",509.9575
2016,BlackBerry Q10,503.96000000000004
2016,Xblue XB-1670-86 X16 Small Office Telephone - Titanium,503.96
2016,Maxell LTO Ultrium - 800 GB,503.82
2016,Samsung Galaxy S4 Active,499.99
2016,Global Super Steno Chair,499.096
2016,Logitech G600 MMO Gaming Mouse,495.938
2016,Xerox 1988,495.68
2016,"Belkin 19"" Center-Weighted Shelf, Gray",495.432
2016,"Ativa D5772 2-Line 5.8GHz Digital Expandable Corded/Cordless Phone System with Answering & Caller ID/Call Waiting, Black/Silver",494.97
2016,Plantronics Voyager Pro Legend,494.376
2016,Office Star - Ergonomically Designed Knee Chair,493.97800000000007
2016,"Barricks 18"" x 48"" Non-Folding Utility Table with Bottom Storage Shelf",493.92
2016,Sanford 52201 APSCO Electric Pencil Sharpener,491.64
2016,"Sauder Camden County Collection Libraries, Planked Cherry Finish",488.665
2016,Ibico Hi-Tech Manual Binding System,487.984
2016,"Sauder Forest Hills Library with Doors, Woodland Oak Finish",482.94
2016,Lexmark MarkNet N8150 Wireless Print Server,482.34
2016,NeatDesk Desktop Scanner & Digital Filing System,479.988
2016,Swingline SM12-08 MicroCut Jam Free Shredder,479.988
2016,Hewlett Packard 310 Color Digital Copier,479.984
2016,Logitech Wireless Headset h800,479.952
2016,Polycom CX600 IP Phone VoIP phone,479.92
2016,Xerox 1960,477.092
2016,Tuf-Vin Binders,473.70000000000005
2016,Wi-Ex zBoost YX540 Cellular Phone Signal Booster,467.04
2016,Samsung Convoy 3,466.158
2016,"Dual Level, Single-Width Filing Carts",465.18
2016,Fellowes Powershred HS-440 4-Sheet High Security Shredder,464.97
2016,"Deflect-o EconoMat Nonstudded, No Bevel Mat",464.85
2016,"Howard Miller 11-1/2"" Diameter Ridgewood Wall Clock",457.072
2016,Eldon ProFile File 'N Store Portable File Tub Letter/Legal Size Black,455.71599999999995
2016,Plantronics MX500i Earset,455.27
2016,Fellowes Bankers Box Staxonsteel Drawer File/Stacking System,454.86
2016,Wireless Extenders zBoost YX545 SOHO Signal Booster,453.576
2016,Hon Non-Folding Utility Tables,446.068
2016,Pyle PMP37LED,441.55400000000003
2016,"Gould Plastics 18-Pocket Panel Bin, 34w x 5-1/4d x 20-1/2h",441.552
2016,Microsoft Sculpt Comfort Mouse,439.45
2016,Novimex Fabric Task Chair,439.056
2016,Eldon ClusterMat Chair Mat with Cordless Antistatic Protection,436.704
2016,Belkin 5 Outlet SurgeMaster Power Centers,435.84
2016,"Hon Metal Bookcases, Putty",425.88
2016,Novimex Swivel Fabric Task Chair,422.744
2016,"Advantus 10-Drawer Portable Organizer, Chrome Metal Frame, Smoke Drawers",418.32
2016,"Howard Miller 13-3/4"" Diameter Brushed Chrome Round Wall Clock",414.0
2016,"Lesro Sheffield Collection Coffee Table, End Table, Center Table, Corner Table",413.946
2016,"Belkin 19"" Vented Equipment Shelf, Black",411.84000000000003
2016,"Sauder Camden County Barrister Bookcase, Planked Cherry Finish",411.332
2016,Anker Ultra-Slim Mini Bluetooth 3.0 Wireless Keyboard,407.796
2016,Cisco 8x8 Inc. 6753i IP Business Phone System,404.97
2016,Jet-Pak Recycled Peel 'N' Seal Padded Mailers,401.968
2016,Apple iPhone 5C,399.96000000000004
2016,StarTech.com 10/100 VDSL2 Ethernet Extender Kit,399.54
2016,"Padded Folding Chairs, Black, 4/Carton",396.802
2016,Imation Bio 2GB USB Flash Drive Imation Corp,393.54
2016,Bevis Boat-Shaped Conference Table,393.165
2016,"Belkin 325VA UPS Surge Protector, 6'",387.136
2016,Global Chrome Stack Chair,383.936
2016,"Global Wood Trimmed Manager's Task Chair, Khaki",382.116
2016,Logitech 910-002974 M325 Wireless Mouse for Web Scrolling,377.874
2016,"Hon Practical Foundations 30 x 60 Training Table, Light Gray/Charcoal",375.4575
2016,Plantronics HL10 Handset Lifter,371.168
2016,Ibico Plastic Spiral Binding Combs,370.88
2016,"BOSTON Model 1800 Electric Pencil Sharpeners, Putty/Woodgrain",370.388
2016,Laminate Occasional Tables,369.912
2016,Xerox 1919,368.91
2016,Tenex B1-RE Series Chair Mats for Low Pile Carpets,367.84
2016,Bevis Rectangular Conference Tables,364.95
2016,"SAFCO PlanMaster Boards, 60w x 37-1/2d, White Melamine",364.776
2016,Xerox 1916,362.156
2016,Xerox 1945,360.712
2016,Plantronics Audio 478 Stereo USB Headset,359.928
2016,PureGear Roll-On Screen Protector,359.82
2016,Microsoft Arc Touch Mouse,359.70000000000005
2016,"Sauder Facets Collection Library, Sky Alder Finish",359.058
2016,Sauder Inglewood Library Bookcases,359.058
2016,"Bevis Round Conference Table Top, X-Base",358.58
2016,Compact Automatic Electric Letter Opener,357.93
2016,Kensington 7 Outlet MasterPiece Power Center,355.96
2016,Luxo Adjustable Task Clamp Lamp,355.36
2016,"Tenex V2T-RE Standard Weight Series Chair Mat, 45"" x 53"", Lip 25"" x 12""",354.9
2016,Global Deluxe Steno Chair,354.108
2016,"Bush Heritage Pine Collection 5-Shelf Bookcase, Albany Pine Finish, *Special Order",352.45
2016,Ibico Laser Imprintable Binding System Covers,351.08
2016,"Lifetime Advantage Folding Chairs, 4/Carton",348.928
2016,Staple envelope,348.212
2016,Fellowes Stor/Drawer Steel Plus Storage Drawers,343.548
2016,Harbour Creations 67200 Series Stacking Chairs,341.664
2016,Luxo Professional Fluorescent Magnifier Lamp with Clamp-Mount Base,335.744
2016,Xerox 1915,335.52
2016,Xerox 1941,335.52
2016,Innergie mMini Combo Duo USB Travel Charging Kit,332.926
2016,Fellowes Command Center 5-outlet power strip,325.632
2016,Avery Arch Ring Binders,325.36
2016,Google Nexus 5,323.982
2016,Plantronics S12 Corded Telephone Headset System,323.37
2016,"Tenex Contemporary Contur Chairmats for Low and Medium Pile Carpet, Computer, 39"" x 49""",322.59
2016,ClearSounds CSC500 Amplified Spirit Phone Corded phone,321.954
2016,Newell 334,317.44
2016,"Strathmore #10 Envelopes, Ultimate White",316.26
2016,"Fellowes Premier Superior Surge Suppressor, 10-Outlet, With Phone and Remote",313.08799999999997
2016,Xerox 1891,313.024
2016,Office Star Flex Back Scooter Chair with White Frame,310.744
2016,Hon 2111 Invitation Series Straight Table,310.443
2016,Fellowes PB300 Plastic Comb Binding Machine,310.392
2016,Hon Comfortask Task/Swivel Chairs,307.746
2016,Carina Media Storage Towers in Natural & Black,304.9
2016,Jabra BIZ 2300 Duo QD Duo Corded Headset,304.776
2016,Tennsco Regal Shelving Units,304.23
2016,"Blue String-Tie & Button Interoffice Envelopes, 10 x 13",303.848
2016,Hon Valutask Swivel Chairs,302.94
2016,Boston 19500 Mighty Mite Electric Pencil Sharpener,302.25
2016,Bush Mission Pointe Library,301.96
2016,O'Sullivan Plantations 2-Door Library in Landvery Oak,301.47
2016,Avery 485,300.71999999999997
2016,Polycom CX300 Desktop Phone USB VoIP phone,299.98
2016,Bestar Classic Bookcase,299.97
2016,Lexmark S315 Color Inkjet Printer,299.97
2016,Logitech Wireless Marathon Mouse M705,299.94
2016,Novimex Turbo Task Chair,298.116
2016,"Safco Value Mate Series Steel Bookcases, Baked Enamel Finish on Steel, Gray",298.116
2016,"Iceberg Nesting Folding Chair, 19w x 6d x 43h",291.1
2016,Grandstream GXP2100 Mainstream Business Phone,290.662
2016,O'Sullivan Living Dimensions 2-Shelf Bookcases,290.352
2016,GBC Prestige Therm-A-Bind Covers,288.204
2016,Canon PC170 Desktop Personal Copier,287.91
2016,Chromcraft Rectangular Conference Tables,284.364
2016,"Howard Miller 12"" Round Wall Clock",282.888
2016,Xerox 1908,279.9
2016,"Bush Westfield Collection Bookcases, Medium Cherry Finish",278.304
2016,Balt Split Level Computer Training Table,277.5
2016,"Office Star - Contemporary Task Swivel chair with 2-way adjustable arms, Plum",275.058
2016,Xerox 1889,274.8
2016,"Logitech B530 USB Headset - headset - Full size, Binaural",273.726
2016,"Boston School Pro Electric Pencil Sharpener, 1670",272.624
2016,"Global Airflow Leather Mesh Back Chair, Black",271.764
2016,"Boston Electric Pencil Sharpener, Model 1818, Charcoal Black",270.24
2016,Panasonic KX-TG9541B DECT 6.0 Digital 2-Line Expandable Cordless Phone With Digital Answering System,269.982
2016,Belkin 8 Outlet SurgeMaster II Gold Surge Protector,269.91
2016,Xerox 1906,269.344
2016,"White Envelopes, White Envelopes with Clear Poly Window",268.4
2016,"Tenex ""The Solids"" Textured Chair Mats",265.848
2016,OtterBox Commuter Series Case - Samsung Galaxy S4,264.894
2016,Cisco SPA508G,263.96
2016,Plantronics Audio 995 Wireless Stereo Headset,263.88
2016,"Howard Miller 13"" Diameter Goldtone Round Wall Clock",262.864
2016,Xerox 191,259.74
2016,Tripp Lite Isotel 6 Outlet Surge Protector with Fax/Modem Protection,256.074
2016,"Tenex 46"" x 60"" Computer Anti-Static Chairmat, Rectangular Shaped",254.352
2016,Balt Solid Wood Rectangular Table,253.176
2016,First Data FD10 PIN Pad,252.8
2016,Hypercom P1300 Pinpad,252.0
2016,JBL Micro Wireless Portable Bluetooth Speaker,251.958
2016,"iKross Bluetooth Portable Keyboard + Cell Phone Stand Holder + Brush for Apple iPhone 5S 5C 5, 4S 4",251.4
2016,Home/Office Personal File Carts,250.272
2016,Belkin QODE FastFit Bluetooth Keyboard,247.8
2016,DAX Wood Document Frame,247.14
2016,Cisco Small Business SPA 502G VoIP phone,246.168
2016,"Wilson Jones Ledger-Size, Piano-Hinge Binder, 2"", Blue",245.88
2016,"Global Deluxe Stacking Chair, Gray",244.70399999999998
2016,Chromcraft Round Conference Tables,244.006
2016,Imation Secure Drive + Hardware Encrypted USB flash drive - 16 GB,243.13600000000002
2016,RCA H5401RE1 DECT 6.0 4-Line Cordless Handset With Caller ID/Call Waiting,239.97
2016,SanDisk Ultra 64 GB MicroSDHC Class 10 Memory Card,239.94
2016,WD My Passport Ultra 500GB Portable External Hard Drive,236.0
2016,GE 30524EE4,235.188
2016,GBC Recycled VeloBinder Covers,235.15200000000002
2016,Global Low Back Tilter Chair,232.25400000000002
2016,"Seth Thomas 13 1/2"" Wall Clock",231.14000000000001
2016,Lenovo 17-Key USB Numeric Keypad,231.132
2016,netTALK DUO VoIP Telephone Service,230.95600000000002
2016,Recycled Steel Personal File for Hanging File Folders,228.92
2016,"Computer Room Manger, 14""",227.36
2016,Stanley Contemporary Battery Pencil Sharpeners,226.95
2016,"GBC Prepunched Paper, 19-Hole, for Binding Systems, 24-lb",225.15
2016,Sony Micro Vault Click 16 GB USB 2.0 Flash Drive,223.96
2016,KI Adjustable-Height Table,223.548
2016,GBC Premium Transparent Covers with Diagonal Lined Pattern,222.38799999999998
2016,Xerox 1881,221.04
2016,Xerox 1886,220.33999999999997
2016,"Plantronics CS 50-USB - headset - Convertible, Monaural",217.584
2016,"Executive Impressions 14"" Two-Color Numerals Wall Clock",213.56799999999998
2016,Xerox 1880,212.64
2016,"Tenex Carpeted, Granite-Look or Clear Contemporary Contour Shape Chair Mats",212.13
2016,Xerox 1910,211.376
2016,Panasonic KX-TG6844B Expandable Digital Cordless Telephone,211.168
2016,Deflect-o DuraMat Antistatic Studded Beveled Mat for Medium Pile Carpeting,210.68
2016,Aluminum Screw Posts,210.58800000000002
2016,Multicolor Computer Printout Paper,209.7
2016,"SAFCO PlanMaster Heigh-Adjustable Drafting Table Base, 43w x 30d x 30-37h, Black",209.67
2016,Deluxe Heavy-Duty Vinyl Round Ring Binder,206.28
2016,"Wilson Jones Elliptical Ring 3 1/2"" Capacity Binders, 800 sheets",205.44
2016,Luxo Professional Combination Clamp-On Lamps,204.6
2016,"Dana Fluorescent Magnifying Lamp, White, 36""",203.92
2016,Tripp Lite TLP810NET Broadband Surge for Modem/Fax,203.88
2016,Pyle PRT45 Retro Home Telephone,201.568
2016,Computer Printout Paper with Letter-Trim Perforations,201.082
2016,Xerox 1991,200.992
2016,Maxell 4.7GB DVD+RW 3/Pack,200.718
2016,Case Logic 2.4GHz Wireless Keyboard,199.96
2016,Fellowes Advanced 8 Outlet Surge Suppressor with Phone/Fax Protection,199.872
2016,Fellowes Bases and Tops For Staxonsteel/High-Stak Systems,199.74
2016,Maxell 4.7GB DVD-R,198.66
2016,Newell 319,198.4
2016,"Eureka Hand Vacuum, Bagless",197.72
2016,Xerox 1917,195.64
2016,2300 Heavy-Duty Transfer File Systems by Perma,194.844
2016,Pizazz Global Quick File,194.61
2016,Belkin Premiere Surge Master II 8-outlet surge protector,194.32
2016,O'Sullivan 2-Shelf Heavy-Duty Bookcases,194.32
2016,Xerox 1944,193.8
2016,"TOPS Carbonless Receipt Book, Four 2-3/4 x 7-1/4 Money Receipts per Page",192.72
2016,"Howard Miller 16"" Diameter Gallery Wall Clock",191.82
2016,"Gould Plastics 9-Pocket Panel Bin, 18-3/8w x 5-1/4d x 20-1/2h, Black",190.764
2016,3M Replacement Filter for Office Air Cleaner for 20' x 33' Room,189.6
2016,"Deflect-o DuraMat Lighweight, Studded, Beveled Mat for Low Pile Carpeting",187.66
2016,Mobile Personal File Cube,187.36
2016,"Acco Smartsocket Table Surge Protector, 6 Color-Coded Adapter Outlets",186.15
2016,"Advantus Employee of the Month Certificate Frame, 11 x 13-1/2",185.58
2016,"Performers Binder/Pad Holder, Black",184.998
2016,Xerox 1935,184.66
2016,Personal Creations Ink Jet Cards and Labels,183.68
2016,Global Commerce Series Low-Back Swivel/Tilt Chairs,179.886
2016,I Need's 3d Hello Kitty Hybrid Silicone Case Cover for HTC One X 4g with 3d Hello Kitty Stylus Pen Green/pink,179.4
2016,Avaya 4621SW VoIP phone,177.48
2016,Logitech Keyboard K120,174.24
2016,AT&T CL82213,173.94
2016,Panasonic KP-380BK Classic Electric Pencil Sharpener,172.704
2016,"Tennsco Lockers, Sand",172.036
2016,"TRENDnet 56K USB 2.0 Phone, Internet and Fax Modem",170.874
2016,Xerox 1887,170.73
2016,"Personal Filing Tote with Lid, Black/Gray",170.61
2016,"Seth Thomas 8 1/2"" Cubicle Clock",170.352
2016,"Tenex Traditional Chairmats for Medium Pile Carpet, Standard Lip, 36"" x 48""",169.82
2016,Xerox 1973,169.01600000000002
2016,Eldon Antistatic Chair Mats for Low to Medium Pile Carpets,168.464
2016,Airmail Envelopes,167.86
2016,"Avery Trapezoid Extra Heavy Duty 4"" Binders",167.76
2016,Petty Cash Envelope,167.152
2016,Eldon Cleatmat Chair Mats for Medium Pile Carpets,166.5
2016,"Eaton Premium Continuous-Feed Paper, 25% Cotton, Letter Size, White, 1000 Shts/Box",166.44
2016,Wilson Jones Heavy-Duty Casebound Ring Binders with Metal Hinges,166.272
2016,Eldon Mobile Mega Data Cart  Mega Stackable  Add-On Trays,165.55
2016,Boston KS Multi-Size Manual Pencil Sharpener,165.528
2016,"DAX Contemporary Wood Frame with Silver Metal Mat, Desktop, 11 x 14 Size",161.92
2016,"Tenex Personal Project File with Scoop Front Design, Black",161.76
2016,Kingston Digital DataTraveler 16GB USB 2.0,161.1
2016,Rush Hierlooms Collection Rich Wood Bookcases,160.98
2016,Speck Products Candyshell Flip Case,160.954
2016,"Eureka The Boss Lite 10-Amp Upright Vacuum, Blue",160.32
2016,Logitech Wireless Performance Mouse MX for PC and Mac,159.984
2016,"Xerox Color Copier Paper, 11"" x 17"", Ream",159.88
2016,24-Hour Round Wall Clock,159.84
2016,Memorex Froggy Flash Drive 8 GB,159.75
2016,ClearOne Communications CHAT 70 OC Speaker Phone,158.99
2016,GBC DocuBind 300 Electric Binding Machine,157.794
2016,"Acme 10"" Easy Grip Assistive Scissors",157.77
2016,"Global Stack Chair without Arms, Black",155.88
2016,Xerox 1884,155.844
2016,Nortel Meridian M5316 Digital phone,155.37
2016,Xerox 197,154.9
2016,Xerox 1937,153.728
2016,Fellowes PB200 Plastic Comb Binding Machine,152.991
2016,Eureka The Boss Cordless Rechargeable Stick Vac,152.94
2016,Surelock Post Binders,152.8
2016,"White Business Envelopes with Contemporary Seam, Recycled White Business Envelopes",150.97199999999998
2016,"Iris 3-Drawer Stacking Bin, Black",150.408
2016,Kensington SlimBlade Notebook Wireless Mouse with Nano Receiver,149.97
2016,OtterBox Defender Series Case - Samsung Galaxy S4,149.95
2016,Maxell DVD-RAM Discs,148.32
2016,Xerox 1943,146.73
2016,Avery 477,146.544
2016,"Deflect-o SuperTray Unbreakable Stackable Tray, Letter, Black",145.9
2016,Sauder Barrister Bookcases,145.764
2016,"Acme Hot Forged Carbon Steel Scissors with Nickel-Plated Handles, 3 7/8"" Cut, 8""L",144.56
2016,"GBC Velobind Prepunched Cover Sets, Regency Series",144.22199999999998
2016,Xerox 1885,144.12
2016,GBC VeloBinder Manual Binding System,143.96
2016,DAX Black Cherry Wood-Tone Poster Frame,142.992
2016,Steel Personal Filing/Posting Tote,142.04
2016,SanDisk Ultra 32 GB MicroSDHC Class 10 Memory Card,141.44
2016,Eldon Portable Mobile Manager,141.4
2016,Boston 1645 Deluxe Heavier-Duty Electric Pencil Sharpener,140.736
2016,Fellowes Bankers Box Stor/Drawer Steel Plus,140.712
2016,Dexim XPower Skin Super-Thin Power Case for iPhone 5 - Black,140.376
2016,"Acco Flexible ACCOHIDE Square Ring Data Binder, Dark Blue, 11 1/2"" X 14"" 7/8""",139.922
2016,"Trav-L-File Heavy-Duty Shuttle II, Black",139.424
2016,Newell 34,138.88
2016,Newell 324,138.6
2016,AT&T 841000 Phone,138.0
2016,Hand-Finished Solid Wood Document Frame,136.92
2016,Brown Kraft Recycled Envelopes,135.84
2016,"Vinyl Coated Wire Paper Clips in Organizer Box, 800/Box",135.464
2016,"Avery Trapezoid Ring Binder, 3"" Capacity, Black, 1040 sheets",135.234
2016,"#10- 4 1/8"" x 9 1/2"" Recycled Envelopes",134.596
2016,Fellowes 8 Outlet Superior Workstation Surge Protector w/o Phone/Fax/Modem Protection,134.48
2016,RCA Visys Integrated PBX 8-Line Router,133.98
2016,Belkin 6 Outlet Metallic Surge Strip,133.947
2016,Fellowes 8 Outlet Superior Workstation Surge Protector,133.472
2016,"Decoflex Hanging Personal Folder File, Blue",132.612
2016,Xerox 1914,131.904
2016,"C-Line Cubicle Keepers Polyproplyene Holder w/Velcro Back, 8-1/2x11, 25/Bx",131.376
2016,Belkin 8 Outlet Surge Protector,131.136
2016,O'Sullivan 5-Shelf Heavy-Duty Bookcases,131.104
2016,Xerox 226,130.89600000000002
2016,Eldon Advantage Chair Mats for Low to Medium Pile Carpets,129.93
2016,Vinyl Sectional Post Binders,128.18
2016,Xerox 1964,127.904
2016,Griffin GC36547 PowerJolt SE Lightning Charger,125.944
2016,Model L Table or Wall-Mount Pencil Sharpener,125.93
2016,Dell Slim USB Multimedia Keyboard,125.0
2016,"Deflect-o EconoMat Studded, No Bevel Mat for Low Pile Carpeting",123.96
2016,Samsung HM1900 Bluetooth Headset,122.91999999999999
2016,Avery Premier Heavy-Duty Binder with Round Locking Rings,122.80799999999999
2016,"Tyvek Interoffice Envelopes, 9 1/2"" x 12 1/2"", 100/Box",121.96
2016,Fellowes Superior 10 Outlet Split Surge Protector,121.792
2016,Advantus Rolling Storage Box,120.05
2016,Logitech Wireless Anywhere Mouse MX for PC and Mac,119.98
2016,Belkin F8E887 USB Wired Ergonomic Keyboard,119.96000000000001
2016,Nokia Lumia 521 (T-Mobile),119.96
2016,12-1/2 Diameter Round Wall Clock,119.88
2016,"Sanford Prismacolor Professional Thick Lead Art Pencils, 36-Color Set",119.808
2016,Plantronics 81402,118.782
2016,Staples,118.452
2016,Fellowes Presentation Covers for Comb Binding Machines,116.4
2016,White Computer Printout Paper by Universal,116.28
2016,Advantus Rolling Drawer Organizers,115.44
2016,Logitech Desktop MK120 Mouse and keyboard Combo,114.52
2016,"Conquest 14 Commercial Heavy-Duty Upright Vacuum, Collection System, Accessory Kit",113.92
2016,"Seth Thomas 14"" Day/Date Wall Clock",113.92
2016,"Snap-A-Way Black Print Carbonless Ruled Speed Letter, Triplicate",113.82
2016,Grandstream GXP1160 VoIP phone,113.73
2016,"#10-4 1/8"" x 9 1/2"" Premium Diagonal Seam Envelopes",113.328
2016,GBC Twin Loop Wire Binding Elements,113.152
2016,Flat Face Poster Frame,113.03999999999999
2016,GBC Imprintable Covers,111.996
2016,"Executive Impressions 14"" Contract Wall Clock",111.15
2016,Xerox 188,111.132
2016,GBC Recycled Grain Textured Covers,110.528
2016,Recycled Eldon Regeneration Jumbo File,110.52
2016,Jensen SMPS-640 - speaker phone,110.352
2016,OtterBox Commuter Series Case - iPhone 5 & 5s,109.94999999999999
2016,Acco D-Ring Binder w/DublLock,109.038
2016,Eldon Advantage Foldable Chair Mats for Low Pile Carpets,108.4
2016,"DataProducts Ampli Magnifier Task Lamp, Black,",108.24000000000001
2016,Sony 64GB Class 10 Micro SDHC R40 Memory Card,107.97
2016,Belkin F9G930V10-GRY 9 Outlet Surge,106.96
2016,Boston 1730 StandUp Electric Pencil Sharpener,106.9
2016,i.Sound Portable Power - 8000 mAh,105.98
2016,Fellowes Advanced Computer Series Surge Protectors,105.96
2016,"Perixx PERIBOARD-512B, Ergonomic Split Keyboard",104.97
2016,"Global Stack Chair with Arms, Black",104.93
2016,Tensor Computer Mounted Lamp,104.23
2016,"BOSTON Ranger #55 Pencil Sharpener, Black",103.96
2016,3M Office Air Cleaner,103.92
2016,SanDisk Ultra 16 GB MicroSDHC Class 10 Memory Card,103.92
2016,Xerox 205,103.68
2016,"Acco Six-Outlet Power Strip, 4' Cord Length",103.44
2016,Portable Personal File Box,102.56400000000001
2016,"Memorex 25GB 6X Branded Blu-Ray Recordable Disc, 15/Pack",101.94
2016,Xerox 1903,101.66
2016,Classic Ivory Antique Telephone ZL1810,100.49
2016,"Black Print Carbonless Snap-Off Rapid Letter, 8 1/2"" x 7""",100.21000000000001
2016,"Perma STOR-ALL Hanging File Box, 13 1/8""W x 12 1/4""D x 10 1/2""H",99.268
2016,Southworth 25% Cotton Antique Laid Paper & Envelopes,98.412
2016,"White Dual Perf Computer Printout Paper, 2700 Sheets, 1 Part, Heavyweight, 20 lbs., 14 7/8 x 11",98.376
2016,Project Tote Personal File,98.21
2016,Bionaire 99.97% HEPA Air Cleaner,98.112
2016,Lunatik TT5L-002 Taktik Strike Impact Protection System for iPhone 5,97.968
2016,Xerox 1890,97.88
2016,Tops White Computer Printout Paper,97.82
2016,Contemporary Wood/Metal Frame,96.96
2016,Jackery Bar Premium Fast-charging Portable Charger,95.84
2016,Motorla HX550 Universal Bluetooth Headset,94.92
2016,Stiletto Hand Letter Openers,92.16
2016,"Eldon Stackable Tray, Side-Load, Legal, Smoke",91.4
2016,"DXL Angle-View Binders with Locking Rings, Black",91.048
2016,Tenex Chairmats For Use with Hard Floors,90.94399999999999
2016,KeyTronic E03601U1 - Keyboard - Beige,90.0
2016,"Global Leather Task Chair, Black",89.99
2016,Logitech Trackman Marble Mouse,89.97
2016,GBC Standard Therm-A-Bind Covers,89.712
2016,Fellowes Super Stor/Drawer,88.8
2016,Newell 312,88.768
2016,OtterBox Defender Series Case - iPhone 5c,88.752
2016,"SlimView Poly Binder, 3/8""",87.542
2016,Acco 6 Outlet Guardian Premium Surge Suppressor,87.36
2016,SanDisk Cruzer 64 GB USB Flash Drive,87.168
2016,Holmes Odor Grabber,86.52
2016,Mediabridge Sport Armband iPhone 5s,85.914
2016,Memorex Micro Travel Drive 8 GB,85.8
2016,"Floodlight Indoor Halogen Bulbs, 1 Bulb per Pack, 60 Watts",85.36
2016,Xerox 1932,85.056
2016,Portfile Personal File Boxes,84.96
2016,Xerox 219,84.24000000000001
2016,Logitech Media Keyboard K200,83.976
2016,Apple EarPods with Remote and Mic,83.97
2016,Ricoh - Ink Collector Unit for GX3000 Series Printers,83.9
2016,Eldon Shelf Savers Cubes and Bins,83.76
2016,Rogers Profile Extra Capacity Storage Tub,83.7
2016,Xerox 21,82.94399999999999
2016,"Contico 72""H Heavy-Duty Storage System",81.96
2016,Belkin Standard 104 key USB Keyboard,81.70400000000001
2016,Staple-based wall hangings,80.728
2016,"Tensor ""Hersey Kiss"" Styled Floor Lamp",80.538
2016,Luxo Economy Swing Arm Lamp,79.76
2016,Prismacolor Color Pencil Set,79.36
2016,Space Solutions Industrial Galvanized Steel Shelving.,78.8
2016,"Seth Thomas 16"" Steel Case Clock",77.952
2016,"Eldon Base for stackable storage shelf, platinum",77.88
2016,Avery Heavy-Duty EZD View Binder with Locking Rings,77.836
2016,Xerox 1894,77.75999999999999
2016,"Howard Miller 11-1/2"" Diameter Brentwood Wall Clock",77.634
2016,Lock-Up Easel 'Spel-Binder',77.031
2016,"Executive Impressions 13"" Chairman Wall Clock",76.14
2016,"GE General Use Halogen Bulbs, 100 Watts, 1 Bulb per Pack",75.384
2016,Westinghouse Clip-On Gooseneck Lamps,75.33
2016,Nu-Dell Oak Frame,74.76
2016,Xerox 1977,73.47999999999999
2016,"Message Book, Phone, Wirebound Standard Line Memo, 2 3/4"" X 5""",73.36
2016,Acco 6 Outlet Guardian Premium Plus Surge Suppressor,73.28
2016,Gear Head AU3700S Headset,72.744
2016,GBC VeloBinder Electric Binding Machine,72.588
2016,"Vtech AT&T CL2940 Corded Speakerphone, Black",71.976
2016,Square Credit Card Reader,71.928
2016,"Tyvek  Top-Opening Peel & Seel  Envelopes, Gray",71.88
2016,Wilson Jones Impact Binders,71.48400000000001
2016,Coloredge Poster Frame,71.0
2016,Tripp Lite Isotel 8 Ultra 8 Outlet Metal Surge,70.97
2016,Binding Machine Supplies,70.008
2016,Xerox 1948,69.93
2016,"Bush Westfield Collection Bookcases, Dark Cherry Finish",69.576
2016,Belkin F5C206VTEL 6 Outlet Surge,68.94
2016,Xerox 1928,68.64
2016,Xerox 1929,68.52
2016,GBC Linen Binding Covers,68.156
2016,"Holmes Replacement Filter for HEPA Air Cleaner, Large Room",68.126
2016,Tensor Brushed Steel Torchiere Floor Lamp,67.96
2016,ARKON Windshield Dashboard Air Vent Car Mount Holder,67.8
2016,Imation Clip USB flash drive - 8 GB,67.68
2016,Ibico Standard Transparent Covers,67.568
2016,Executive Impressions Supervisor Wall Clock,67.36
2016,Fellowes Desktop Hanging File Manager,67.15
2016,Xerox 1978,67.048
2016,"Acco Data Flex Cable Posts For Top & Bottom Load Binders, 6"" Capacity",66.752
2016,"It's Hot Message Books with Stickers, 2 3/4"" x 5""",66.6
2016,Kensington K72356US Mouse-in-a-Box USB Desktop Mouse,66.36
2016,"Bush Cubix Collection Bookcases, Fully Assembled",66.294
2016,Xerox 1997,66.096
2016,"Square Ring Data Binders, Rigid 75 Pt. Covers, 11"" x 14-7/8""",66.048
2016,Xerox 1920,65.78
2016,Memorex Mini Travel Drive 8 GB USB 2.0 Flash Drive,64.848
2016,"Carina 42""Hx23 3/4""W Media Storage Unit",64.784
2016,GBC Binding covers,64.75
2016,Newell 309,64.68
2016,Martin-Yale Premier Letter Opener,64.4
2016,"Green Canvas Binder for 8-1/2"" x 14"" Sheets",64.2
2016,"Sortfiler Multipurpose Personal File Organizer, Black",64.17
2016,"GBC Pre-Punched Binding Paper, Plastic, White, 8-1/2"" x 11""",63.96
2016,Memorex Micro Travel Drive 16 GB,63.96
2016,SAFCO Optional Arm Kit for Workspace Cribbage Stacking Chair,63.936
2016,Ultra Commercial Grade Dual Valve Door Closer,63.824
2016,Xerox 216,63.504
2016,Hanging Personal Folder File,62.8
2016,Security-Tint Envelopes,62.647999999999996
2016,Ibico Recycled Linen-Style Covers,62.496
2016,"Fellowes Mobile File Cart, Black",62.18
2016,Avery 489,62.099999999999994
2016,Euro-Pro Shark Turbo Vacuum,61.96
2016,Sauder Cornerstone Collection Library,61.96
2016,Xerox 19,61.96
2016,Kensington 6 Outlet Guardian Standard Surge Protector,61.44
2016,Acme Tagit Stainless Steel Antibacterial Scissors,61.379999999999995
2016,Advantus Panel Wall Certificate Holder - 8.5x11,61.0
2016,50 Colored Long Pencils,60.959999999999994
2016,"Tenex Personal Self-Stacking Standard File Box, Black/Gray",60.876000000000005
2016,"TOPS 4 x 6 Fluorescent Color Memo Sheets, 500 Sheets per Pack",60.736
2016,Staple holder,60.69
2016,"GBC Clear Cover, 8-1/2 x 11, unpunched, 25 covers per pack",60.64
2016,Storex Dura Pro Binders,60.588
2016,"Companion Letter/Legal File, Black",60.416
2016,Anker Astro Mini 3000mAh Ultra-Compact Portable Charger,59.97
2016,Xerox 1936,59.94
2016,Imation 32GB Pocket Pro USB 3.0 Flash Drive - 32 GB - Black - 1 P ...,59.9
2016,Xerox 1999,59.616
2016,Peel-Off China Markers,59.58
2016,Newell 345,59.52
2016,Avery 505,59.2
2016,"XtraLife ClearVue Slant-D Ring Binder, White, 3""",58.72
2016,HP Standard 104 key PS/2 Keyboard,58.0
2016,Manco Dry-Lighter Erasable Highlighter,57.76
2016,GBC Personal VeloBind Strips,57.504
2016,"Acco PRESSTEX Data Binder with Storage Hooks, Dark Blue, 14 7/8"" X 11""",57.028
2016,Avery 476,56.994
2016,"Adams Telephone Message Books, 5 1/4” x 11”",56.776
2016,"Global Geo Office Task Chair, Gray",56.686
2016,GBC Standard Plastic Binding Systems' Combs,56.519999999999996
2016,Fellowes Binding Cases,56.16
2016,Xerox 212,55.727999999999994
2016,Panasonic KP-350BK Electric Pencil Sharpener with Auto Stop,55.328
2016,Acco Perma 4000 Stacking Storage Drawers,55.215999999999994
2016,"Verbatim 25 GB 6x Blu-ray Single Layer Recordable Disc, 25/Pack",55.176
2016,Avery Hi-Liter Smear-Safe Highlighters,54.896
2016,"GBC Twin Loop Wire Binding Elements, 9/16"" Spine, Black",54.792
2016,GBC Poly Designer Binding Covers,53.568
2016,"Executive Impressions 14"" Contract Wall Clock with Quartz Movement",53.352
2016,"Master Caster Door Stop, Large Neon Orange",52.416
2016,Wilson Jones “Snap” Scratch Pad Binder Tool for Ring Binders,52.2
2016,Fellowes Neat Ideas Storage Cubes,51.968
2016,Xerox 204,51.84
2016,Xerox 222,51.84
2016,"Howard Miller 11-1/2"" Diameter Grantwood Wall Clock",51.756
2016,"Eldon Expressions Wood Desk Accessories, Oak",51.66
2016,"Tenex Traditional Chairmats for Hard Floors, Average Lip, 36"" x 48""",51.56
2016,"Speediset Carbonless Redi-Letter 7"" x 8 1/2""",51.55
2016,Globe Weis Peel & Seel First Class Envelopes,51.12
2016,"Eldon Expressions Punched Metal & Wood Desk Accessories, Pewter & Cherry",51.072
2016,Maxell 4.7GB DVD-RW 3/Pack,50.976
2016,Spigen Samsung Galaxy S5 Case Wallet,50.97
2016,Memorex Micro Travel Drive 4 GB,50.88
2016,AmazonBasics 3-Button USB Wired Mouse,50.328
2016,GBC Plastic Binding Combs,50.184
2016,"Avery 3 1/2"" Diskette Storage Pages, 10/Pack",50.112
2016,Micro Innovations USB RF Wireless Keyboard with Mouse,50.0
2016,"Wilson Jones Hanging View Binder, White, 1""",49.7
2016,Xerox 1979,49.568
2016,Flexible Leather- Look Classic Collection Ring Binder,49.244
2016,Dana Swing-Arm Lamps,49.128
2016,Recycled Premium Regency Composition Covers,48.896
2016,"Acco 7-Outlet Masterpiece Power Center, Wihtout Fax/Phone Line Protection",48.632
2016,Micro Innovations Wireless Classic Keyboard with Mouse,47.984
2016,Microsoft Natural Ergonomic Keyboard 4000,47.984
2016,"Westinghouse Floor Lamp with Metal Mesh Shade, Black",47.98
2016,Anker 36W 4-Port USB Wall Charger Travel Power Adapter for iPhone 5s 5c 5,47.976
2016,Boston 16701 Slimline Battery Pencil Sharpener,47.82
2016,"Metal Folding Chairs, Beige, 4/Carton",47.516
2016,Avery 490,47.36
2016,Lumber Crayons,47.28
2016,Eldon Simplefile Box Office,47.272
2016,Newell 333,47.26
2016,Acme Galleria Hot Forged Steel Scissors with Colored Handles,47.19
2016,Artistic Insta-Plaque,47.04
2016,"Eldon Expressions Punched Metal & Wood Desk Accessories, Black & Cherry",46.9
2016,Personal File Boxes with Fold-Down Carry Handle,46.74
2016,"Executive Impressions 13"" Clairmont Wall Clock",46.152
2016,Panasonic Kx-TS550,45.99
2016,Xerox 1902,45.68
2016,Staples in misc. colors,45.480000000000004
2016,"Holmes Visible Mist Ultrasonic Humidifier with 2.3-Gallon Output per Day, Replacement Filter",45.28
2016,Belkin F9H710-06 7 Outlet SurgeMaster Surge Protector,45.216
2016,"Recycled Desk Saver Line ""While You Were Out"" Book, 5 1/2"" X 4""",44.75
2016,Iris Project Case,44.688
2016,"DAX Metal Frame, Desktop, Stepped-Edge",44.528
2016,"1/4 Fold Party Design Invitations & White Envelopes, 24 8-1/2"" X 11"" Cards, 25 Env./Pack",44.1
2016,Newell 317,44.099999999999994
2016,Xerox 1957,44.064
2016,Avery Non-Stick Binders,44.001999999999995
2016,Wilson Jones Legal Size Ring Binders,43.98
2016,Staple remover,43.856
2016,"Angle-D Binders with Locking Rings, Label Holders",43.8
2016,Acrylic Self-Standing Desk Frames,43.788
2016,Wilson Jones Active Use Binders,43.68
2016,Poly Designer Cover & Back,43.677
2016,Holmes HEPA Air Purifier,43.56
2016,invisibleSHIELD by ZAGG Smudge-Free Screen Protector,43.176
2016,Universal Premium White Copier/Laser Paper (20Lb. and 87 Bright),43.056
2016,"Acco PRESSTEX Data Binder with Storage Hooks, Dark Blue, 9 1/2"" X 11""",43.04
2016,"Premium Writing Pencils, Soft, #2 by Central Association for the Blind",42.912
2016,Xerox 1971,42.8
2016,Acco Perma 3000 Stacking Storage Drawers,41.96
2016,"Tennsco Lockers, Gray",41.96
2016,Sony 32GB Class 10 Micro SDHC R40 Memory Card,41.9
2016,"Eldon Imàge Series Desk Accessories, Clear",41.796
2016,Avery Recycled Flexi-View Covers for Binding Systems,41.678000000000004
2016,"Fiskars 8"" Scissors, 2/Pack",41.376
2016,GBC Wire Binding Combs,41.36
2016,"Adams Phone Message Book, 200 Message Capacity, 8 1/16” x 11”",41.28
2016,Avery Hole Reinforcements,41.118
2016,Avery 486,40.936
2016,Acme Box Cutter Scissors,40.92
2016,Avery 474,40.32
2016,"DAX Copper Panel Document Frame, 5 x 7 Size",40.256
2016,"Eldon Executive Woodline II Desk Accessories, Mahogany",40.208
2016,"Wirebound Message Books, 5-1/2 x 4 Forms, 2 or 4 Forms per Page",40.14
2016,Round Specialty Laser Printer Labels,40.096
2016,Large Capacity Hanging Post Binders,39.92
2016,"Adams Telephone Message Book w/Frequently-Called Numbers Space, 400 Messages per Book",39.9
2016,"Boston 1827 Commercial Additional Cutter, Drive Gear & Gear Rack for 1606",39.66
2016,Cush Cases Heavy Duty Rugged Cover Case for Samsung Galaxy S5 - Purple,39.599999999999994
2016,Tuff Stuff Recycled Round Ring Binders,39.524
2016,Xerox 1931,38.88
2016,Xerox 208,38.88
2016,"C-Line Peel & Stick Add-On Filing Pockets, 8-3/4 x 5-1/8, 10/Pack",38.22
2016,Xerox 1912,37.94
2016,"DAX Two-Tone Rosewood/Black Document Frame, Desktop, 5 x 7",37.92
2016,Staple magnet,37.519999999999996
2016,Avoid Verbal Orders Carbonless Minifold Book,37.18
2016,"Wirebound Message Books, Four 2 3/4"" x 5"" Forms per Page, 600 Sets per Book",37.08
2016,Deluxe Chalkboard Eraser Cleaner,36.96
2016,Xerox 1981,36.96
2016,Motorola HK250 Universal Bluetooth Headset,36.784
2016,"GBC Standard Recycled Report Covers, Clear Plastic Sheets",36.652
2016,Memorex Micro Travel Drive 32 GB,36.51
2016,"Master Caster Door Stop, Large Brown",36.4
2016,Eldon Gobal File Keepers,36.336
2016,Acco 6 Outlet Guardian Standard Surge Suppressor,36.27
2016,Memorex Mini Travel Drive 64 GB USB 2.0 Flash Drive,36.24
2016,Great White Multi-Use Recycled Paper (20Lb. and 84 Bright),35.88
2016,Wausau Papers Astrobrights Colored Envelopes,35.88
2016,Xerox 1974,35.88
2016,Hon 61000 Series Interactive Training Tables,35.544
2016,"Adams Telephone Message Book W/Dividers/Space For Phone Numbers, 5 1/4""X8 1/2"", 300/Messages",35.28
2016,"Executive Impressions 10"" Spectator Wall Clock",35.28
2016,Acco Smartsocket Color-Coded Six-Outlet AC Adapter Model Surge Protectors,35.208
2016,Cardinal Holdit Data Disk Pockets,34.944
2016,Cardinal Poly Pocket Divider Pockets for Ring Binders,34.944
2016,Xerox 1970,34.86
2016,"Multi-Use Personal File Cart and Caster Set, Three Stacking Bins",34.76
2016,Wilson Jones International Size A4 Ring Binders,34.6
2016,Southworth 100% Cotton The Best Paper,34.44
2016,"Acco Four Pocket Poly Ring Binder with Label Holder, Smoke, 1""",34.27
2016,Xerox 1962,34.239999999999995
2016,"While You Were Out Pads, 50 per Pad, 4 x 5 1/4, Green Cycle",34.056
2016,"Personal Folder Holder, Ebony",33.63
2016,"Redi-Strip #10 Envelopes, 4 1/8 x 9 1/2",33.63
2016,36X48 HARDFLOOR CHAIRMAT,33.568
2016,Xerox 1895,33.488
2016,Xerox 1898,33.4
2016,Xerox 1959,33.4
2016,Acme Elite Stainless Steel Scissors,33.36
2016,"REDIFORM Incoming/Outgoing Call Register, 11"" X 8 1/2"", 100 Messages",33.36
2016,C-Line Cubicle Keepers Polyproplyene Holder With Velcro Backings,33.11
2016,JM Magazine Binder,33.02
2016,Texas Instruments TI-34 Scientific Calculator,32.985
2016,Fiskars Softgrip Scissors,32.94
2016,"Sanford Colorific Eraseable Coloring Pencils, 12 Count",32.8
2016,Avery Self-Adhesive Photo Pockets for Polaroid Photos,32.688
2016,Xerox 1930,32.4
2016,Xerox 203,32.4
2016,Xerox 214,32.4
2016,Newell 315,32.292
2016,"Neat Ideas Personal Hanging Folder Files, Black",32.232
2016,APC 7 Outlet Network SurgeArrest Surge Protector,32.192
2016,Laser & Ink Jet Business Envelopes,32.01
2016,"Memorex 25GB 6X Branded Blu-Ray Recordable Disc, 30/Pack",31.95
2016,Cisco SPA525G2 IP Phone - Wireless,31.92
2016,"GBC White Gloss Covers, Plain Front",31.856
2016,Magna Visual Magnetic Picture Hangers,31.812
2016,"Eldon Image Series Desk Accessories, Burgundy",31.767999999999997
2016,"Wilson Jones 1"" Hanging DublLock Ring Binders",31.68
2016,Ultra Door Pull Handle,31.56
2016,OIC Binder Clips,31.504
2016,Sterilite Officeware Hinged File Box,31.44
2016,"Eldon 200 Class Desk Accessories, Burgundy",31.4
2016,Fellowes Black Plastic Comb Bindings,31.374000000000002
2016,Xerox 210,31.104
2016,Xerox 211,31.104
2016,Hoover Commercial Soft Guard Upright Vacuum And Disposable Filtration Bags,31.08
2016,Avery 503,31.05
2016,"Eldon Expressions Desk Accessory, Wood Pencil Holder, Oak",30.88
2016,Smead Alpha-Z Color-Coded Second Alphabetical Labels and Starter Set,30.799999999999997
2016,"Verbatim 25 GB 6x Blu-ray Single Layer Recordable Disc, 3/Pack",30.756
2016,Ultra Door Push Plate,30.442
2016,"Wirebound Message Books, Two 4 1/4"" x 5"" Forms per Page",30.44
2016,Anker Ultrathin Bluetooth Wireless Keyboard Aluminum Cover with Stand,29.99
2016,Xerox 1896,29.97
2016,Ibico Covers for Plastic or Wire Binding Elements,29.9
2016,Recycled Easel Ring Binders,29.84
2016,"DAX Value U-Channel Document Frames, Easel Back",29.82
2016,Poly String Tie Envelopes,29.784
2016,"Quartet Omega Colored Chalk, 12/Pack",29.2
2016,DAX Clear Channel Poster Frame,29.16
2016,KLD Oscar II Style Snap-on Ultra Thin Side Flip Synthetic Leather Cover Case for HTC One HTC M7,29.16
2016,"Wirebound Service Call Books, 5 1/2"" x 4""",29.04
2016,Avery 491,28.91
2016,HP Office Recycled Paper (20Lb. and 87 Bright),28.9
2016,Xerox 1950,28.9
2016,Cardinal EasyOpen D-Ring Binders,28.334
2016,Avery 501,28.043999999999997
2016,Newell 314,27.9
2016,Pressboard Data Binders by Wilson Jones,27.768
2016,"Important Message Pads, 50 4-1/4 x 5-1/2 Forms per Pad",27.72
2016,Avery Personal Creations Heavyweight Cards,27.696
2016,"Verbatim Slim CD and DVD Storage Cases, 50/Pack",27.696
2016,SanDisk Cruzer 16 GB USB Flash Drive,27.552
2016,Anderson Hickey Conga Table Tops & Accessories,27.414
2016,Newell 336,27.392000000000003
2016,Newell 347,27.392000000000003
2016,"Recycled Interoffice Envelopes with Re-Use-A-Seal Closure, 10 x 13",27.312
2016,Acme Titanium Bonded Scissors,27.2
2016,"Tyvek  Top-Opening Peel & Seel Envelopes, Plain White",27.18
2016,SanDisk Cruzer 8 GB USB Flash Drive,27.168
2016,Stanley Bostitch Contemporary Electric Pencil Sharpeners,27.168
2016,Cardinal Hold-It CD Pocket,27.132
2016,"Belkin SportFit Armband For iPhone 5s/5c, Fuchsia",26.982
2016,Ibico Plastic and Wire Spiral Binding Combs,26.976
2016,Hoover Portapower Portable Vacuum,26.88
2016,Electrix 20W Halogen Replacement Bulb for Zoom-In Desk Lamp,26.8
2016,"Black Avery Memo-Size 3-Ring Binder, 5 1/2"" x 8 1/2""",26.424
2016,Astroparche Fine Business Paper,26.4
2016,Anker 24W Portable Micro USB Car Charger,26.376
2016,Self-Adhesive Address Labels for Typewriters by Universal,26.316
2016,Rubber Band Ball,26.18
2016,Xerox 192,25.92
2016,Xerox 1967,25.92
2016,Xerox 1996,25.92
2016,Xerox 200,25.92
2016,Xerox 201,25.92
2016,Xerox 202,25.92
2016,Xerox 1949,25.896
2016,Xerox 1953,25.68
2016,"Safco Wire Cube Shelving System, For Use as 4 or 5 14"" Cubes, Black",25.424
2016,"Master Big Foot Doorstop, Beige",25.344
2016,"Eldon Regeneration Recycled Desk Accessories, Black",25.168
2016,3M Hangers With Command Adhesive,25.16
2016,Avery 50,25.06
2016,"Ampad Phone Message Book, Recycled, 400 Message Capacity, 5 ¾” x 11”",24.96
2016,"Tenex Personal Filing Tote With Secure Closure Lid, Black/Frost",24.816
2016,Newell 31,24.78
2016,Deflect-O Glasstique Clear Desk Accessories,24.64
2016,Kensington 6 Outlet SmartSocket Surge Protector,24.588
2016,Prestige Round Ring Binders,24.32
2016,Avery 507,24.192
2016,Imation 8gb Micro Traveldrive Usb 2.0 Flash Drive,24.0
2016,Xerox 193,23.92
2016,GBC Recycled Regency Composition Covers,23.912
2016,Avery 499,23.904
2016,Dixon Ticonderoga Pencils,23.84
2016,Akro-Mils 12-Gallon Tote,23.832
2016,#6 3/4 Gummed Flap White Envelopes,23.759999999999998
2016,Advantus Map Pennant Flags and Round Head Tacks,23.700000000000003
2016,Crayola Colored Pencils,23.616
2016,Things To Do Today Pad,23.479999999999997
2016,Longer-Life Soft White Bulbs,23.408
2016,Xerox 2,23.328000000000003
2016,OIC Bulk Pack Metal Binder Clips,23.034
2016,Avery Round Ring Poly Binders,23.003999999999998
2016,Newell 313,22.96
2016,"Adams Telephone Message Book W/Dividers/Space For Phone Numbers, 5 1/4""X8 1/2"", 200/Messages",22.72
2016,Avery Fluorescent Highlighter Four-Color Set,22.712
2016,X-Rack File for Hanging Folders,22.58
2016,3M Polarizing Light Filter Sleeves,22.38
2016,Eldon Fold 'N Roll Cart System,22.368
2016,Fiskars Spring-Action Scissors,22.368
2016,Eldon 100 Class Desk Accessories,22.241999999999997
2016,"Acco Pressboard Covers with Storage Hooks, 14 7/8"" x 11"", Executive Red",22.098
2016,Memorex Froggy Flash Drive 4 GB,21.98
2016,Rogers Deluxe File Chest,21.98
2016,DAX Wood Document Frame.,21.968
2016,Howard Miller Distant Time Traveler Alarm Clock,21.936
2016,Peel & Seel Envelopes,21.728
2016,Sabrent 4-Port USB 2.0 Hub,21.728
2016,Newell 321,21.648
2016,Avery 508,21.604
2016,Avery 497,21.56
2016,"Eldon Spacemaker Box, Quick-Snap Lid, Clear",21.376
2016,Assorted Color Push Pins,21.358
2016,"Acco Pressboard Covers with Storage Hooks, 9 1/2"" x 11"", Executive Red",21.336
2016,SANFORD Major Accent Highlighters,21.24
2016,Xerox 1990,21.12
2016,Advantus Plastic Paper Clips,21.0
2016,"Eldon Expressions Wood and Plastic Desk Accessories, Cherry Wood",20.94
2016,Southworth Parchment Paper & Envelopes,20.928
2016,Fellowes Basic Home/Office Series Surge Protectors,20.768
2016,Xerox 1946,20.736
2016,Xerox 227,20.736
2016,Avery Durable Binders,20.448
2016,"Master Caster Door Stop, Brown",20.32
2016,Wilson Jones Standard D-Ring Binders,20.240000000000002
2016,Insertable Tab Post Binder Dividers,20.05
2016,Xerox 1923,20.04
2016,Logitech LS21 Speaker System - PC Multimedia - 2.1-CH - Wired,19.99
2016,"Avery Framed View Binder, EZD Ring (Locking), Navy, 1 1/2""",19.96
2016,G.E. Longer-Life Indoor Recessed Floodlight Bulbs,19.92
2016,Rediform S.O.S. Phone Message Books,19.92
2016,4009 Highlighters by Sanford,19.9
2016,"Hoover Replacement Belts For Soft Guard & Commercial Ltweight Upright Vacs, 2/Pk",19.75
2016,Nu-Dell EZ-Mount Plastic Wall Frames,19.7
2016,Newell 316,19.56
2016,Prang Drawing Pencil Set,19.46
2016,Xerox 207,19.44
2016,Xerox 209,19.44
2016,Xerox 22,19.44
2016,Xerox 223,19.44
2016,Xerox 225,19.44
2016,Pressboard Hanging Data Binders for Unburst Sheets,19.188
2016,"Pressboard Covers with Storage Hooks, 9 1/2"" x 11"", Light Blue",19.149
2016,Accohide Poly Flexible Ring Binders,19.073999999999998
2016,Durable Pressboard Binders,19.0
2016,Avery 51,18.9
2016,"Binney & Smith Crayola Metallic Colored Pencils, 8-Color Set",18.52
2016,Xerox 1899,18.496
2016,Loose Memo Sheets,18.25
2016,"Bravo II Megaboss 12-Amp Hard Body Upright, Replacement Belts, 2 Belts per Pack",18.2
2016,Presstex Flexible Ring Binders,18.2
2016,"ACCOHIDE 3-Ring Binder, Blue, 1""",18.171999999999997
2016,"Ampad Gold Fibre Wirebound Steno Books, 6"" x 9"", Gregg Ruled",17.64
2016,Avery 488,17.64
2016,"Permanent Self-Adhesive File Folder Labels for Typewriters, 1 1/8 x 3 1/2, White",17.64
2016,Crate-A-Files,17.44
2016,Wilson Jones Turn Tabs Binder Tool for Ring Binders,17.352
2016,Binder Posts,17.22
2016,"DAX Cubicle Frames, 8-1/2 x 11",17.14
2016,Newell 320,17.12
2016,Newell 341,17.12
2016,"Dixon Prang Watercolor Pencils, 10-Color Set with Brush",17.04
2016,3-ring staple pack,16.919999999999998
2016,Avery Hi-Liter Fluorescent Desk Style Markers,16.9
2016,"Elite 5"" Scissors",16.9
2016,"SmartStand Mobile Device Holder, Assorted Colors",16.776
2016,Avery 506,16.52
2016,Newell Chalk Holder,16.52
2016,Avery Poly Binder Pockets,16.468
2016,Tops Wirebound Message Log Books,16.45
2016,"Message Book, Wirebound, Four 5 1/2"" X 4"" Forms/Pg., 200 Dupl. Sets/Book",16.448
2016,Avery Hanging File Binders,16.146
2016,Stackable Trays,16.016
2016,Xerox 198,15.936
2016,Acme Rosewood Handle Letter Opener,15.88
2016,Self-Adhesive Removable Labels,15.75
2016,Wilson Jones Leather-Like Binders with DublLock Round Rings,15.714000000000002
2016,"Adams ""While You Were Out"" Message Pads",15.7
2016,Wilson Jones data.warehouse D-Ring Binders with DublLock,15.636999999999999
2016,Xerox 1994,15.552
2016,Colorific Watercolor Pencils,15.48
2016,"Master Caster Door Stop, Gray",15.24
2016,KeyTronic KT800P2 - Keyboard - Black,15.02
2016,Boston 1900 Electric Pencil Sharpener,14.98
2016,Avery File Folder Labels,14.975999999999999
2016,Avery 483,14.94
2016,Xerox 1952,14.94
2016,Woodgrain Magazine Files by Perma,14.9
2016,Prang Colored Pencils,14.7
2016,Faber Castell Col-Erase Pencils,14.67
2016,Avery 500,14.62
2016,Dixon Ticonderoga Core-Lock Colored Pencils,14.576
2016,Advantus T-Pin Paper Clips,14.432
2016,Stockwell Push Pins,14.388
2016,Nu-Dell Float Frame 11 x 14 1/2,14.368
2016,Rediform Voice Mail Log Books,14.304
2016,XtraLife ClearVue Slant-D Ring Binders by Cardinal,14.112
2016,Wilson Jones Easy Flow II Sheet Lifters,14.040000000000001
2016,"Dixon My First Ticonderoga Pencil, #2",14.04
2016,G.E. Halogen Desk Lamp Bulbs,13.96
2016,Avery Binding System Hidden Tab Executive Style Index Sets,13.848
2016,GBC Plasticlear Binding Covers,13.776
2016,Eldon Wave Desk Accessories,13.584
2016,Acme Value Line Scissors,13.14
2016,Newell 349,13.12
2016,Newell 35,13.12
2016,Heavy-Duty E-Z-D Binders,13.092
2016,Wilson Jones Custom Binder Spines & Labels,13.056
2016,Avery 494,13.05
2016,Xerox 1995,12.96
2016,Xerox 213,12.96
2016,Xerox 218,12.96
2016,Xerox 228,12.96
2016,"GBC Laser Imprintable Binding System Covers, Desert Sand",12.843
2016,Acco Expandable Hanging Binders,12.76
2016,Newell 32,12.672
2016,Sterilite Show Offs Storage Containers,12.672
2016,Avery 520,12.6
2016,Bagged Rubber Bands,12.6
2016,Eldon 200 Class Desk Accessories,12.56
2016,"#10 White Business Envelopes,4 1/8 x 9 1/2",12.536
2016,"Avery 05222 Permanent Self-Adhesive File Folder Labels for Typewriters, on Rolls, White, 250/Roll",12.39
2016,"Fellowes Twister Kit, Gray/Clear, 3/pkg",12.059999999999999
2016,Avery 510,12.0
2016,Newell 330,11.96
2016,Cardinal Holdit Business Card Pockets,11.952
2016,Xerox 1922,11.952
2016,"SKILCRAFT Telephone Shoulder Rest, 2"" x 6.5"" x 2.5"", Black",11.824
2016,Newell 331,11.736
2016,American Pencil,11.65
2016,GBC Durable Plastic Covers,11.61
2016,Xerox 196,11.56
2016,"Acco Banker's Clasps, 5 3/4""-Long",11.52
2016,Newell 335,11.52
2016,Clear Mylar Reinforcing Strips,11.214
2016,"Adams Phone Message Book, Professional, 400 Message Capacity, 5 3/6” x 11”",11.168
2016,DIXON Ticonderoga Erasable Checking Pencils,11.16
2016,9-3/4 Diameter Round Wall Clock,11.032
2016,Rogers Handheld Barrel Pencil Sharpener,10.96
2016,Shocksock Galaxy S4 Armband,10.95
2016,"Acme Design Line 8"" Stainless Steel Bent Scissors w/Champagne Handles, 3-1/8"" Cut",10.944
2016,"Crayola Anti Dust Chalk, 12/Pack",10.92
2016,"Wirebound Message Book, 4 per Page",10.86
2016,"Acco PRESSTEX Data Binder with Storage Hooks, Light Blue, 9 1/2"" X 11""",10.76
2016,Barrel Sharpener,10.71
2016,Sanford Liquid Accent Highlighters,10.688
2016,"Acco Clips to Go Binder Clips, 24 Clips in Two Sizes",10.65
2016,Revere Boxed Rubber Bands by Revere,10.584
2016,Acco 3-Hole Punch,10.512
2016,Advantus Motivational Note Cards,10.48
2016,Avery Durable Slant Ring Binders With Label Holder,10.45
2016,Cardinal Slant-D Ring Binders,10.428
2016,"Super Bands, 12/Pack",10.416
2016,SanDisk Cruzer 4 GB USB Flash Drive,10.384
2016,"BIC Brite Liner Highlighters, Chisel Tip",10.368
2016,Xerox 206,10.368
2016,Sony 16GB Class 10 Micro SDHC R40 Memory Card,10.312
2016,Xerox 199,10.272
2016,OIC Stacking Trays,10.02
2016,Avery 513,9.96
2016,Avery Reinforcements for Hole-Punch Pages,9.9
2016,Wilson Jones 14 Line Acrylic Coated Pressboard Data Binders,9.612
2016,"Wirebound Message Books, Four 2 3/4 x 5 Forms per Page, 200 Sets per Book",9.54
2016,GBC Wire Binding Strips,9.522
2016,Plymouth Boxed Rubber Bands by Plymouth,9.42
2016,GBC Instant Report Kit,9.058
2016,Spiral Phone Message Books with Labels by Adams,8.96
2016,Eldon Pizzaz Desk Accessories,8.92
2016,Newell 311,8.84
2016,Advantus Push Pins,8.72
2016,Convenience Packs of Business Envelopes,8.688
2016,"OIC Binder Clips, Mini, 1/4"" Capacity, Black",8.68
2016,"Binney & Smith inkTank Desk Highlighter, Chisel Tip, Yellow, 12/Box",8.6
2016,Newell 323,8.4
2016,Black & Decker Filter for Double Action Dustbuster Cordless Vac BLDV7210,8.39
2016,Acco Hanging Data Binders,8.382
2016,"Eldon Regeneration Recycled Desk Accessories, Smoke",8.352
2016,Newell 344,8.34
2016,BIC Brite Liner Highlighters,8.28
2016,Eldon Image Series Black Desk Accessories,8.28
2016,SpineVue Locking Slant-D Ring Binders by Cardinal,8.226
2016,Avery 518,8.19
2016,Zipper Ring Binder Pockets,8.112
2016,Newell 310,8.096
2016,Ideal Clamps,8.04
2016,Xerox 1897,7.968
2016,Maxell 4.7GB DVD-R 5/Pack,7.92
2016,Newell 348,7.872
2016,"Commercial WindTunnel Clean Air Upright Vacuum, Replacement Belts, Filtration Bags",7.78
2016,"DAX Charcoal/Nickel-Tone Document Frame, 5 x 7",7.584
2016,Smead Alpha-Z Color-Coded Name Labels First Letter Starter Set,7.5
2016,Colored Envelopes,7.38
2016,UniKeep View Case Binders,7.335
2016,Binder Clips by OIC,7.104
2016,Hoover Replacement Belt for Commercial Guardsman Heavy-Duty Upright Vacuum,7.104
2016,Self-Adhesive Ring Binder Labels,7.04
2016,"Eureka Sanitaire  Multi-Pro Heavy-Duty Upright, Disposable Bags",6.992
2016,Prang Dustless Chalk Sticks,6.72
2016,Turquoise Lead Holder with Pocket Clip,6.7
2016,"#10 Gummed Flap White Envelopes, 100/Box",6.608
2016,3M Organizer Strips,6.48
2016,Weyerhaeuser First Choice Laser/Copy Paper (20Lb. and 88 Bright),6.48
2016,Xerox 20,6.48
2016,Xerox 231,6.48
2016,"Avery Durable Slant Ring Binders, No Labels",6.368
2016,Ibico Presentation Index for Binding Systems,6.368
2016,Avery 479,6.264
2016,Self-Adhesive Address Labels for Typewriters with Dispenser Box,5.904
2016,"Acco Pressboard Covers with Storage Hooks, 14 7/8"" x 11"", Light Blue",5.892
2016,"Advantus Push Pins, Aluminum Head",5.81
2016,"Sanford Colorific Colored Pencils, 12/Box",5.76
2016,SANFORD Liquid Accent Tank-Style Highlighters,5.68
2016,"Avery Durable Plastic 1"" Binders",5.448
2016,Xerox 1986,5.344
2016,Regeneration Desk Collection,5.28
2016,Alliance Rubber Bands,5.04
2016,Newell 308,5.04
2016,Xerox 190,4.98
2016,Angle-D Ring Binders,4.923
2016,Maxell CD-R Discs,4.728
2016,Avery 514,4.608
2016,Peel & Stick Add-On Corner Pockets,4.536
2016,"Ampad Evidence Wirebond Steno Books, 6"" x 9""",4.36
2016,Xerox 1927,4.28
2016,Storex DuraTech Recycled Plastic Frosted Binders,4.24
2016,Newell 326,4.224
2016,"Alliance Big Bands Rubber Bands, 12/Pack",3.96
2016,"Avery Hi-Liter Comfort Grip Fluorescent Highlighter, Yellow Ink",3.9
2016,Avery 480,3.75
2016,Newell 3-Hole Punched Plastic Slotted Magazine Holders for Binders,3.656
2016,Newell 307,3.64
2016,Acco Suede Grain Vinyl Round Ring Binder,3.614
2016,Avery Hidden Tab Dividers for Binding Systems,3.576
2016,Newell 351,3.28
2016,"Pressboard Data Binder, Crimson, 12"" X 8 1/2""",3.204
2016,"Brites Rubber Bands, 1 1/2 oz. Box",3.168
2016,Avery 511,3.08
2016,"OIC #2 Pencils, Medium Soft",3.008
2016,Acco Translucent Poly Ring Binders,2.808
2016,Design Ebony Sketching Pencil,2.78
2016,"Binney & Smith Crayola Metallic Crayons, 16-Color Pack",2.696
2016,Avery 509,2.61
2016,Permanent Self-Adhesive File Folder Labels for Typewriters by Universal,2.61
2016,Maxell 4.7GB DVD+R 5/Pack,2.376
2016,Newell 346,2.304
2016,"Sanford Uni-Blazer View Highlighters, Chisel Tip, Yellow",2.2
2016,Round Ring Binders,2.08
2016,Wilson Jones DublLock D-Ring Binders,2.025
2016,Recycled Pressboard Report Cover with Reinforced Top Hinge,1.938
2016,Avery Printable Repositionable Plastic Tabs,1.72
2016,"Avery Triangle Shaped Sheet Lifters, Black, 2/Pack",0.984
2017,Canon imageCLASS 2200 Advanced Copier,25899.926
2017,GBC Ibimaster 500 Manual ProClick Binding System,12860.562
2017,"3D Systems Cube Printer, 2nd Generation, Magenta",9099.93
2017,High Speed Automatic Electric Letter Opener,8842.662
2017,"HP Designjet T520 Inkjet Large Format Printer - 24"" Color",8749.95
2017,Okidata MB760 Printer,7834.4
2017,Hewlett Packard LaserJet 3310 Copier,6839.886
2017,"Hon Deluxe Fabric Upholstered Stacking Chairs, Rounded Back",6367.878
2017,Global Troy Executive Leather Low-Back Tilter,5510.78
2017,GBC DocuBind P400 Electric Binding System,5443.959999999999
2017,Logitech P710e Mobile Speakerphone,5407.29
2017,Apple iPhone 5,5198.64
2017,Chromcraft Round Conference Tables,5176.413
2017,Ativa V4110MDD Micro-Cut Shredder,4899.93
2017,HON 5400 Series Task Chairs for Big and Tall,4626.468
2017,Ibico EPK-21 Electric Binding System,4535.976
2017,Cubify CubeX 3D Printer Double Head Print,4499.985
2017,Plantronics CS510 - Over-the-Head monaural Wireless Headset System,4289.35
2017,Hewlett Packard 610 Color Digital Copier / Printer,4199.916
2017,Hon 4700 Series Mobuis Mid-Back Task Chairs with Adjustable Arms,4164.966
2017,Bady BDG101FRU Card Printer,3999.95
2017,Bretford “Just In Time” Height-Adjustable Multi-Task Work Tables,3965.3
2017,Honeywell Enviracaire Portable HEPA Air Cleaner for 17' x 22' Room,3908.4500000000003
2017,Cisco Unified IP Phone 7945G VoIP phone,3819.0879999999997
2017,Tennsco Double-Tier Lockers,3690.328
2017,Global Adaptabilities Conference Tables,3540.348
2017,Bretford Rectangular Conference Table Tops,3498.009
2017,Bretford CR8500 Series Meeting Room Furniture,3488.526
2017,DMI Eclipse Executive Suite Bookcases,3406.664
2017,"Fellowes Strictly Business Drawer File, Letter/Legal Size",3211.38
2017,"Office Impressions End Table, 20-1/2""H x 24""W x 20""D",3067.9759999999997
2017,Hewlett-Packard Deskjet 3050a All-in-One Color Inkjet Printer,3040.0
2017,Honeywell Enviracaire Portable HEPA Air Cleaner for 16' x 20' Room,3029.0699999999997
2017,Samsung Galaxy Mega 6.3,3023.928
2017,"Hot File 7-Pocket, Floor Stand",2998.296
2017,Logitech Z-906 Speaker sys - home theater - 5.1-CH,2969.91
2017,Standard Rollaway File with Lock,2810.964
2017,Canon PC1060 Personal Laser Copier,2799.96
2017,Hon 4070 Series Pagoda Round Back Stacking Chairs,2728.33
2017,Balt Solid Wood Round Tables,2678.94
2017,"Chromcraft Bull-Nose Wood 48"" x 96"" Rectangular Conference Tables",2644.704
2017,"Atlantic Metals Mobile 3-Shelf Bookcases, Custom Colors",2609.8
2017,Tennsco 16-Compartment Lockers with Coat Rack,2591.56
2017,Samsung Galaxy Note 2,2575.944
2017,Hon Non-Folding Utility Tables,2564.891
2017,Iceberg Mobile Mega Data/Printer Cart,2526.93
2017,Mitel MiVoice 5330e IP Phone,2474.9100000000003
2017,Hewlett Packard 310 Color Digital Copier,2459.918
2017,Global Executive Mid-Back Manager's Chair,2444.232
2017,Panasonic KX MB2061 Multifunction Printer,2396.4
2017,"Riverside Palais Royal Lawyers Bookcase, Royale Cherry Finish",2396.2656
2017,"Electrix Architect's Clamp-On Swing Arm Lamp, Black",2386.5
2017,SAFCO Arco Folding Chair,2375.32
2017,Fellowes Staxonsteel Drawer Files,2318.04
2017,Global Leather Executive Chair,2316.534
2017,Fellowes PB500 Electric Punch Plastic Comb Binding Machine with Manual Bind,2287.782
2017,Xiaomi Mi3,2279.96
2017,Hon Rectangular Conference Tables,2275.5
2017,Ibico EB-19 Dual Function Manual Binding System,2266.169
2017,"Iceberg OfficeWorks 42"" Round Tables",2249.602
2017,Global Comet Stacking Arm Chair,2239.303
2017,"Tennsco Snap-Together Open Shelving Units, Starter Sets and Add-On Units",2235.84
2017,Okidata C331dn Printer,2233.6
2017,O'Sullivan 2-Door Barrister Bookcase in Odessa Pine,2135.564
2017,"Global Leather Highback Executive Chair with Pneumatic Height Adjustment, Black",2130.388
2017,Deluxe Rollaway Locking File with Drawer,2079.4
2017,"Tenex Chairmat w/ Average Lip, 45"" x 53""",2058.496
2017,Hon GuestStacker Chair,2040.03
2017,"Atlantic Metals Mobile 5-Shelf Bookcases, Custom Colors",2001.5169999999998
2017,"SAFCO PlanMaster Heigh-Adjustable Drafting Table Base, 43w x 30d x 30-37h, Black",1991.865
2017,"Bush Cubix Conference Tables, Fully Assembled",1986.428
2017,O'Sullivan Plantations 2-Door Library in Landvery Oak,1913.3296
2017,Logitech diNovo Edge Keyboard,1899.924
2017,Tennsco 6- and 18-Compartment Lockers,1856.19
2017,Nortel Meridian M5316 Digital phone,1812.65
2017,GBC DocuBind TL300 Electric Binding System,1793.98
2017,Hon Every-Day Series Multi-Task Chairs,1767.012
2017,Panasonic KX-TG9471B,1763.91
2017,"Tennsco Stur-D-Stor Boltless Shelving, 5 Shelves, 24"" Deep, Sand",1759.03
2017,Office Star - Professional Matrix Back Chair with 2-to-1 Synchro Tilt and Mesh Fabric Seat,1754.9
2017,Premier Automatic Letter Opener,1730.664
2017,Laminate Occasional Tables,1726.256
2017,Motorola L703CM,1715.89
2017,"Sauder Facets Collection Locker/File Cabinet, Sky Alder Finish",1706.508
2017,Chromcraft Bull-Nose Wood Oval Conference Tables & Bases,1652.94
2017,Global Ergonomic Managers Chair,1646.9180000000001
2017,Panasonic KX MC6040 Color Laser Multifunction Printer,1619.82
2017,Canon PC-428 Personal Copier,1599.92
2017,"Hon Practical Foundations 30 x 60 Training Table, Light Gray/Charcoal",1592.85
2017,"Dual Level, Single-Width Filing Carts",1550.6000000000001
2017,"Global High-Back Leather Tilter, Burgundy",1525.076
2017,Wireless Extenders zBoost YX545 SOHO Signal Booster,1511.92
2017,LG G2,1499.97
2017,"Global Leather and Oak Executive Chair, Black",1474.802
2017,Luxo Professional Fluorescent Magnifier Lamp with Clamp-Mount Base,1468.88
2017,"Global Manager's Adjustable Task Chair, Storm",1449.4080000000001
2017,Nokia Lumia 1020,1439.968
2017,BPI Conference Tables,1438.5925
2017,"SAFCO Commercial Wire Shelving, Black",1436.656
2017,Global Commerce Series High-Back Swivel/Tilt Chairs,1424.9
2017,Hon Olson Stacker Stools,1422.181
2017,Hon 94000 Series Round Tables,1421.664
2017,Hon 4070 Series Pagoda Armless Upholstered Stacking Chairs,1400.3039999999999
2017,Logitech G500s Laser Gaming Mouse with Adjustable Weight Tuning,1399.8
2017,"Situations Contoured Folding Chairs, 4/Set",1398.306
2017,Premier Electric Letter Opener,1367.148
2017,Okidata C610n Printer,1362.9
2017,Fellowes PB200 Plastic Comb Binding Machine,1359.92
2017,AT&T CL83451 4-Handset Telephone,1359.534
2017,Ibico Ibimaster 300 Manual Binding System,1324.7640000000001
2017,Hon 5100 Series Wood Tables,1309.41
2017,SAFCO Boltless Steel Shelving,1295.496
2017,BlackBerry Q10,1285.098
2017,Bush Advantage Collection Racetrack Conference Table,1272.63
2017,"24 Capacity Maxi Data Binder Racks, Pearl",1263.3
2017,WD My Passport Ultra 2TB Portable External Hard Drive,1261.4
2017,"1.7 Cubic Foot Compact ""Cube"" Office Refrigerators",1248.96
2017,Nortel Meridian M3904 Professional Digital phone,1231.92
2017,Logitech VX Revolution Cordless Laser Mouse for Notebooks (Black),1223.932
2017,Jabra Supreme Plus Driver Edition Headset,1223.8980000000001
2017,Ibico Hi-Tech Manual Binding System,1219.96
2017,Hon Deluxe Fabric Upholstered Stacking Chairs,1219.8999999999999
2017,Sharp AL-1530CS Digital Copier,1199.976
2017,Hon Mobius Operator's Chair,1180.7040000000002
2017,Fellowes Bankers Box Staxonsteel Drawer File/Stacking System,1156.644
2017,Polycom VVX 310 VoIP phone,1151.9360000000001
2017,Cisco SPA 502G IP Phone,1151.52
2017,"Howard Miller 14-1/2"" Diameter Chrome Round Wall Clock",1150.92
2017,Wilson Electronics DB Pro Signal Booster,1145.6
2017,Samsung Galaxy S4 Mini,1127.976
2017,Tennsco Single-Tier Lockers,1126.02
2017,Sanyo 2.5 Cubic Foot Mid-Size Office Refrigerators,1119.24
2017,Bretford CR4500 Series Slim Rectangular Table,1114.272
2017,Hon Racetrack Conference Tables,1102.542
2017,GE 30524EE4,1097.544
2017,Bevis Steel Folding Chairs,1084.2350000000001
2017,Bose SoundLink Bluetooth Speaker,1074.6
2017,"GE 48"" Fluorescent Tube, Cool White Energy Saver, 34 Watts, 30/Box",1071.684
2017,Hon Olson Stacker Chairs,1059.12
2017,Fellowes High-Stak Drawer Files,1057.1399999999999
2017,"Global Airflow Leather Mesh Back Chair, Black",1056.86
2017,High-Back Leather Manager's Chair,1052.919
2017,Xerox 1915,1048.5
2017,Global Enterprise Series Seating High-Back Swivel/Tilt Chairs,1029.724
2017,Jabra BIZ 2300 Duo QD Duo Corded Headset,1015.92
2017,Plantronics Savi W720 Multi-Device Wireless Headset System,1012.68
2017,"Canon Color ImageCLASS MF8580Cdw Wireless Laser All-In-One Printer, Copier, Scanner",1007.979
2017,Sensible Storage WireTech Storage Systems,1007.9159999999999
2017,Smead Adjustable Mobile File Trolley with Lockable Top,1006.056
2017,Hoover Shoulder Vac Commercial Portable Vacuum,1001.896
2017,Samsung Galaxy S4,1001.584
2017,Office Star - Mid Back Dual function Ergonomic High Back Chair with 2-Way Adjustable Arms,998.076
2017,Wi-Ex zBoost YX540 Cellular Phone Signal Booster,992.46
2017,KI Adjustable-Height Table,975.873
2017,Electrix Halogen Magnifier Lamp,971.5
2017,NETGEAR AC1750 Dual Band Gigabit Smart WiFi Router,959.94
2017,Jabra SPEAK 410,958.6979999999999
2017,GBC ProClick 150 Presentation Binding System,947.94
2017,Avaya 5420 Digital phone,944.93
2017,Bevis Boat-Shaped Conference Table,943.596
2017,"Office Star - Contemporary Task Swivel chair with Loop Arms, Charcoal",929.9580000000001
2017,"Global Wood Trimmed Manager's Task Chair, Khaki",927.996
2017,Deflect-o DuraMat Antistatic Studded Beveled Mat for Medium Pile Carpeting,926.9920000000001
2017,Office Star Flex Back Scooter Chair with White Frame,921.134
2017,Global Deluxe High-Back Manager's Chair,915.136
2017,"Lifetime Advantage Folding Chairs, 4/Carton",872.32
2017,Hoover WindTunnel Plus Canister Vacuum,871.8
2017,Hoover Upright Vacuum With Dirt Cup,868.59
2017,Hon Multipurpose Stacking Arm Chairs,866.4
2017,Hon Comfortask Task/Swivel Chairs,866.248
2017,GBC DocuBind 300 Electric Binding Machine,841.568
2017,Canon Imageclass D680 Copier / Fax,839.988
2017,"Bush Heritage Pine Collection 5-Shelf Bookcase, Albany Pine Finish, *Special Order",838.8309999999999
2017,Xerox 189,838.8
2017,Compact Automatic Electric Letter Opener,835.17
2017,Harmony Air Purifier,831.6
2017,Jabra SPEAK 410 Multidevice Speakerphone,823.96
2017,Bush Somerset Collection Bookcase,818.625
2017,Office Star - Contemporary Swivel Chair with Padded Adjustable Arms and Flex Back,817.684
2017,Luxo Adjustable Task Clamp Lamp,799.56
2017,"Rubbermaid ClusterMat Chairmats, Mat Size- 66"" x 60"", Lip 20"" x 11"" -90 Degree Angle",799.0559999999999
2017,Geemarc AmpliPOWER60,798.0799999999999
2017,Hon 2090 “Pillow Soft” Series Mid Back Swivel/Tilt Chairs,786.744
2017,Sauder Camden County Collection Library,781.864
2017,Logitech G35 7.1-Channel Surround Sound Headset,779.94
2017,Aastra 57i VoIP phone,775.7280000000001
2017,"Eureka The Boss Plus 12-Amp Hard Box Upright Vacuum, Red",774.4100000000001
2017,AT&T 1080 Phone,767.144
2017,VTech DS6151,755.94
2017,Office Star - Contemporary Task Swivel Chair,754.664
2017,"Global Leather & Oak Executive Chair, Burgundy",754.45
2017,White Computer Printout Paper by Universal,751.944
2017,ClearOne CHATAttach 160 - speaker phone,743.988
2017,Logitech Wireless Gaming Headset G930,735.9540000000001
2017,Cisco 8x8 Inc. 6753i IP Business Phone System,728.946
2017,GBC DocuBind P50 Personal Binding Machine,722.9739999999999
2017,Belkin 5 Outlet SurgeMaster Power Centers,719.136
2017,Hon 4060 Series Tables,716.544
2017,Eldon Cleatmat Plus Chair Mats for High Pile Carpets,715.68
2017,Letter Size Cart,714.3
2017,Hon Every-Day Chair Series Swivel Task Chairs,713.782
2017,Chromcraft Rectangular Conference Tables,710.91
2017,"Global Value Steno Chair, Gray",710.658
2017,Avanti 1.7 Cu. Ft. Refrigerator,706.86
2017,HTC One Mini,705.544
2017,Zebra GK420t Direct Thermal/Thermal Transfer Printer,703.71
2017,Imation Secure+ Hardware Encrypted USB 2.0 Flash Drive; 16GB,700.704
2017,Samsung Galaxy S III - 16GB - pebble blue (T-Mobile),699.98
2017,Kensington 4 Outlet MasterPiece Compact Power Control Center,699.352
2017,Cisco CP-7937G Unified IP Conference Station Phone,695.7
2017,Okidata B400 Printer,686.4
2017,"Mini 13-1/2 Capacity Data Binder Rack, Pearl",680.524
2017,Honeywell Quietcare HEPA Air Cleaner,676.39
2017,Panasonic KX TS208W Corded phone,676.062
2017,"Howard Miller 11-1/2"" Diameter Ridgewood Wall Clock",675.22
2017,GBC DocuBind 200 Manual Binding Machine,673.568
2017,Pyle PMP37LED,671.93
2017,Logitech G19 Programmable Gaming Keyboard,669.546
2017,Eureka Sanitaire  Commercial Upright,662.84
2017,"Fellowes Mobile File Cart, Black",659.108
2017,Global Deluxe High-Back Office Chair in Storm,652.752
2017,"Snap-A-Way Black Print Carbonless Ruled Speed Letter, Triplicate",644.98
2017,Luxo Professional Magnifying Clamp-On Fluorescent Lamps,644.862
2017,ClearOne Communications CHAT 70 OC Speaker Phone,635.96
2017,First Data FD10 PIN Pad,632.0
2017,Jawbone JAMBOX Wireless Bluetooth Speaker,631.96
2017,"Dot Matrix Printer Tape Reel Labels, White, 5000/Box",629.184
2017,"Bevis Oval Conference Table, Walnut",626.352
2017,Sony Micro Vault Click 16 GB USB 2.0 Flash Drive,615.89
2017,"Global Fabric Manager's Chair, Dark Gray",605.88
2017,Mitel 5320 IP Phone VoIP phone,604.768
2017,Adtran 1202752G1,604.752
2017,Razer Tiamat Over Ear 7.1 Surround Sound PC Gaming Headset,599.97
2017,Polycom CX300 Desktop Phone USB VoIP phone,599.96
2017,Logitech Wireless Headset h800,599.9399999999999
2017,AT&T 841000 Phone,593.4
2017,"Recycled Data-Pak for Archival Bound Computer Printouts, 12-1/2 x 12-1/2 x 16",592.74
2017,Belkin 7 Outlet SurgeMaster II,592.2
2017,Ames Color-File Green Diamond Border X-ray Mailers,587.86
2017,Novimex Fabric Task Chair,585.408
2017,Plantronics S12 Corded Telephone Headset System,582.066
2017,Fellowes Econo/Stor Drawers,581.58
2017,"Bush Westfield Collection Bookcases, Dark Cherry Finish",579.8
2017,Ooma Telo VoIP Home Phone System,579.5540000000001
2017,Cisco Small Business SPA 502G VoIP phone,574.392
2017,Kensington 7 Outlet MasterPiece Power Center,569.536
2017,O'Sullivan Living Dimensions 2-Shelf Bookcases,568.606
2017,Imation 16GB Mini TravelDrive USB 2.0 Flash Drive,563.21
2017,"Acco 7-Outlet Masterpiece Power Center, Wihtout Fax/Phone Line Protection",559.268
2017,Plantronics Cordless Phone Headset with In-line Volume - M214C,559.2
2017,Nortel Business Series Terminal T7208 Digital phone,555.96
2017,Xerox 1914,549.6
2017,"Howard Miller 13-3/4"" Diameter Brushed Chrome Round Wall Clock",548.55
2017,Xerox 1964,548.16
2017,Enermax Aurora Lite Keyboard,547.05
2017,Panasonic KX TS3282W Corded phone,543.9359999999999
2017,Logitech G602 Wireless Gaming Mouse,543.932
2017,"Bush Andora Bookcase, Maple/Graphite Gray Finish",539.955
2017,Polycom CX600 IP Phone VoIP phone,539.91
2017,Global Commerce Series Low-Back Swivel/Tilt Chairs,539.658
2017,Avaya 4621SW VoIP phone,532.4399999999999
2017,Novimex Turbo Task Chair,532.35
2017,Cisco SPA301,530.366
2017,O'Sullivan Living Dimensions 5-Shelf Bookcases,530.352
2017,"SAFCO Commercial Wire Shelving, 72h",526.664
2017,AT&T 17929 Lendline Telephone,524.784
2017,"White Dual Perf Computer Printout Paper, 2700 Sheets, 1 Part, Heavyweight, 20 lbs., 14 7/8 x 11",524.672
2017,"O'Sullivan Elevations Bookcase, Cherry Finish",523.92
2017,NETGEAR N750 Dual Band Wi-Fi Gigabit Router,522.0
2017,Digium D40 VoIP phone,515.96
2017,"Chromcraft 48"" x 96"" Racetrack Double Pedestal Table",513.024
2017,Logitech Mobile Speakerphone P710e - speaker phone,512.924
2017,Boston 1645 Deluxe Heavier-Duty Electric Pencil Sharpener,510.168
2017,Logitech Gaming G510s - Keyboard,509.94
2017,"Howard Miller 13-1/2"" Diameter Rosebrook Wall Clock",508.898
2017,Hon 4-Shelf Metal Bookcases,504.9
2017,"Global Leather Task Chair, Black",503.944
2017,"Sauder Camden County Collection Libraries, Planked Cherry Finish",501.31280000000004
2017,Xerox 1943,498.882
2017,WD My Passport Ultra 1TB Portable External Hard Drive,496.79999999999995
2017,GE 2-Jack Phone Line Splitter,494.376
2017,Global Deluxe Steno Chair,492.672
2017,Xerox 1945,491.88000000000005
2017,Global Low Back Tilter Chair,484.704
2017,Brother DCP1000 Digital 3 in 1 Multifunction Machine,479.984
2017,Cherry 142-key Programmable Keyboard,479.72
2017,"Atlantic Metals Mobile 4-Shelf Bookcases, Custom Colors",477.666
2017,"Lesro Round Back Collection Coffee Table, End Table",474.63
2017,Logitech Trackman Marble Mouse,473.842
2017,Bevis 36 x 72 Conference Tables,473.062
2017,Ibico Laser Imprintable Binding System Covers,461.12
2017,"Gould Plastics 18-Pocket Panel Bin, 34w x 5-1/4d x 20-1/2h",459.95
2017,Anker Astro 15000mAh USB Portable Charger,459.908
2017,Space Solutions HD Industrial Steel Shelving.,459.88
2017,Xerox 1911,459.84
2017,"SAFCO PlanMaster Boards, 60w x 37-1/2d, White Melamine",455.97
2017,Microsoft Sculpt Comfort Mouse,455.43
2017,Safco Industrial Wire Shelving System,454.9
2017,Fellowes Bankers Box Recycled Super Stor/Drawer,453.432
2017,Panasonic KP-150 Electric Pencil Sharpener,452.88
2017,Home/Office Personal File Carts,451.88
2017,"Tyvek Interoffice Envelopes, 9 1/2"" x 12 1/2"", 100/Box",451.25199999999995
2017,"Sauder Forest Hills Library, Woodland Oak Finish",451.136
2017,Easy-staple paper,450.672
2017,Panasonic KX-TG9541B DECT 6.0 Digital 2-Line Expandable Cordless Phone With Digital Answering System,449.97
2017,Fellowes Officeware Wire Shelving,449.15
2017,Okidata MB491 Multifunction Printer,449.1
2017,GBC ProClick Punch Binding System,447.86
2017,"Holmes Replacement Filter for HEPA Air Cleaner, Very Large Room, HEPA Filter",447.265
2017,"Deflect-o EconoMat Studded, No Bevel Mat for Low Pile Carpeting",446.256
2017,Euro-Pro Shark Turbo Vacuum,446.112
2017,AT&T 1070 Corded Phone,445.96
2017,"Bush Andora Conference Table, Maple/Graphite Gray Finish",444.548
2017,"Tenex ""The Solids"" Textured Chair Mats",433.75199999999995
2017,Google Nexus 5,431.976
2017,Razer Kraken PRO Over Ear PC and Music Headset,431.946
2017,Wilson SignalBoost 841262 DB PRO Amplifier Kit,431.94
2017,Kensington Orbit Wireless Mobile Trackball for PC and Mac,431.928
2017,First Data TMFD35 PIN Pad,428.4
2017,"Metal Folding Chairs, Beige, 4/Carton",427.644
2017,Xerox 1908,425.448
2017,Bestar Classic Bookcase,424.9575
2017,Blue Parrot B250XT Professional Grade Wireless Bluetooth Headset with,419.944
2017,"Safco Value Mate Series Steel Bookcases, Baked Enamel Finish on Steel, Gray",418.782
2017,GBC Twin Loop Wire Binding Elements,416.0
2017,Harbour Creations Steel Folding Chair,414.0
2017,"Eldon Base for stackable storage shelf, platinum",412.764
2017,Plantronics Audio 478 Stereo USB Headset,409.918
2017,O'Sullivan 5-Shelf Heavy-Duty Bookcases,409.7
2017,"Barricks 18"" x 48"" Non-Folding Utility Table with Bottom Storage Shelf",403.2
2017,"Wilson Jones Elliptical Ring 3 1/2"" Capacity Binders, 800 sheets",402.32000000000005
2017,"Global Value Mid-Back Manager's Chair, Gray",401.874
2017,"Bevis Traditional Conference Table Top, Plinth Base",400.032
2017,"Bush Westfield Collection Bookcases, Fully Assembled",398.87100000000004
2017,GBC DocuBind P100 Manual Binding Machine,398.352
2017,Lexmark X 9575 Professional All-in-One Color Printer,396.0
2017,Honeywell Enviracaire Portable HEPA Air Cleaner for up to 10 x 16 Room,394.816
2017,"Belkin 19"" Vented Equipment Shelf, Black",391.248
2017,Plantronics Voyager Pro HD - Bluetooth Headset,389.93999999999994
2017,Sauder Barrister Bookcases,388.704
2017,"Belkin 325VA UPS Surge Protector, 6'",387.136
2017,Airmail Envelopes,386.078
2017,SanDisk Cruzer 64 GB USB Flash Drive,384.992
2017,"Howard Miller 16"" Diameter Gallery Wall Clock",383.64
2017,"Tenex 46"" x 60"" Computer Anti-Static Chairmat, Rectangular Shaped",381.528
2017,LG Electronics Tone+ HBS-730 Bluetooth Headset,380.864
2017,Kensington Expert Mouse Optical USB Trackball for PC or Mac,379.96
2017,netTALK DUO VoIP Telephone Service,377.928
2017,Hon 2111 Invitation Series Corner Table,376.866
2017,Fellowes Powershred HS-440 4-Sheet High Security Shredder,371.976
2017,Avery Arch Ring Binders,371.84000000000003
2017,Bevis 44 x 96 Conference Tables,370.62
2017,Case Logic 2.4GHz Wireless Keyboard,369.926
2017,Steel Personal Filing/Posting Tote,369.304
2017,"Leather Task Chair, Black",363.92
2017,Adjustable Depth Letter/Legal Cart,362.92
2017,Tyvek Side-Opening Peel & Seel Expanding Envelopes,361.92
2017,Polycom SoundPoint IP 450 VoIP phone,361.376
2017,Plantronics Encore H101 Dual Earpieces Headset,359.6
2017,"File Shuttle II and Handi-File, Black",359.234
2017,"Hon Metal Bookcases, Black",354.9
2017,Xerox 1880,354.4
2017,"Global Push Button Manager's Chair, Indigo",353.162
2017,Ibico Plastic Spiral Binding Combs,352.64
2017,Tennsco Industrial Shelving,352.152
2017,Logitech MX Performance Wireless Mouse,351.03200000000004
2017,Logitech Wireless Marathon Mouse M705,349.93
2017,Boston Heavy-Duty Trimline Electric Pencil Sharpeners,347.04
2017,"Brother MFC-9340CDW LED All-In-One Printer, Copier Scanner",341.991
2017,"Sauder Facets Collection Library, Sky Alder Finish",341.96
2017,"Premium Transparent Presentation Covers, No Pattern/Clear, 8 1/2"" x 11""",341.264
2017,"Global Geo Office Task Chair, Gray",340.116
2017,Micro Innovations USB RF Wireless Keyboard with Mouse,340.0
2017,O'Sullivan Cherrywood Estates Traditional Bookcase,339.92
2017,"Gould Plastics 9-Pocket Panel Bin, 18-3/8w x 5-1/4d x 20-1/2h, Black",339.136
2017,"IBM Multi-Purpose Copy Paper, 8 1/2 x 11"", Case",334.584
2017,"Carina Mini System Audio Rack, Model AR050B",332.94
2017,"Stur-D-Stor Shelving, Vertical 5-Shelf: 72""H x 36""W x 18 1/2""D",332.94
2017,Xerox 1893,327.92
2017,"Carina 42""Hx23 3/4""W Media Storage Unit",323.92
2017,"Tenex Contemporary Contur Chairmats for Low and Medium Pile Carpet, Computer, 39"" x 49""",322.59
2017,Konica Minolta magicolor 1690MF Multifunction Printer,319.92
2017,"Safco Value Mate Steel Bookcase, Baked Enamel Finish on Steel, Black",319.40999999999997
2017,Electrix Fluorescent Magnifier Lamps & Weighted Base,315.776
2017,Multicolor Computer Printout Paper,314.55
2017,"Global Stack Chair without Arms, Black",311.76
2017,Belkin F9M820V08 8 Outlet Surge,309.456
2017,"Global Stack Chair with Arms, Black",308.794
2017,Carina Double Wide Media Storage Towers in Natural & Black,307.724
2017,Grandstream GXP2100 Mainstream Business Phone,305.96
2017,APC 7 Outlet Network SurgeArrest Surge Protector,305.824
2017,"Eldon ""L"" Workstation Diamond Chairmat",303.92
2017,Staple envelope,303.492
2017,AT&T TR1909W,302.376
2017,Novimex Swivel Fabric Task Chair,301.96
2017,O'Sullivan Living Dimensions 3-Shelf Bookcases,301.47
2017,Premium Transparent Presentation Covers by GBC,300.014
2017,Office Star - Ergonomically Designed Knee Chair,299.626
2017,Honeywell Enviracaire Portable Air Cleaner for up to 8 x 10 Room,299.20799999999997
2017,Holmes 99% HEPA Air Purifier,298.908
2017,SanDisk Ultra 64 GB MicroSDHC Class 10 Memory Card,295.926
2017,"Blue String-Tie & Button Interoffice Envelopes, 10 x 13",295.852
2017,Safco Industrial Shelving,295.4
2017,Panasonic Kx-TS550,294.336
2017,Fellowes Bankers Box Stor/Drawer Steel Plus,294.216
2017,Eldon Portable Mobile Manager,288.456
2017,Canon PC170 Desktop Personal Copier,287.91
2017,"Tyvek  Top-Opening Peel & Seel  Envelopes, Gray",287.52
2017,Xerox 1886,287.4
2017,Trimflex Flexible Post Binders,286.492
2017,Embossed Ink Jet Note Cards,284.382
2017,"Tenex Carpeted, Granite-Look or Clear Contemporary Contour Shape Chair Mats",282.84
2017,LG Exalt,280.782
2017,Memorex Mini Travel Drive 32 GB USB 2.0 Flash Drive,280.0
2017,Kensington SlimBlade Notebook Wireless Mouse with Nano Receiver,279.944
2017,Acco Perma 4000 Stacking Storage Drawers,279.328
2017,"Boston School Pro Electric Pencil Sharpener, 1670",278.82
2017,Clearsounds A400,277.158
2017,"3M Polarizing Task Lamp with Clamp Arm, Light Gray",273.96
2017,"Sauder Forest Hills Library with Doors, Woodland Oak Finish",273.666
2017,Eldon ClusterMat Chair Mat with Cordless Antistatic Protection,272.94
2017,Motorola Moto X,271.992
2017,"Global Armless Task Chair, Royal Blue",268.312
2017,Panasonic KP-380BK Classic Electric Pencil Sharpener,266.252
2017,Zebra GX420t Direct Thermal/Thermal Transfer Printer,265.475
2017,"Boston Model 1800 Electric Pencil Sharpener, Gray",264.61
2017,AT&T SB67148 SynJ,263.96
2017,Kensington 7 Outlet MasterPiece HOMEOFFICE Power Control Center,262.24
2017,Motorola HK250 Universal Bluetooth Headset,262.086
2017,"Bush Westfield Collection Bookcases, Medium Cherry Finish",260.90999999999997
2017,SanDisk Ultra 32 GB MicroSDHC Class 10 Memory Card,260.78
2017,Xerox 1925,260.23199999999997
2017,Cisco IP Phone 7961G-GE VoIP phone,259.896
2017,Eldon Advantage Chair Mats for Low to Medium Pile Carpets,259.86
2017,Fellowes Neat Ideas Storage Cubes,259.84
2017,"Howard Miller 11-1/2"" Diameter Grantwood Wall Clock",258.78000000000003
2017,GBC VeloBinder Electric Binding Machine,254.058
2017,Boston KS Multi-Size Manual Pencil Sharpener,252.89
2017,Xerox 1991,251.24
2017,"Xerox Color Copier Paper, 11"" x 17"", Ream",251.24
2017,Plantronics Voyager Pro Legend,247.188
2017,"Executive Impressions 14""",244.53
2017,Tripp Lite Isotel 6 Outlet Surge Protector with Fax/Modem Protection,243.88
2017,Tennsco Regal Shelving Units,243.384
2017,Belkin Premiere Surge Master II 8-outlet surge protector,242.9
2017,Office Star Flex Back Scooter Chair with Aluminum Finish Frame,242.136
2017,DMI Arturo Collection Mission-style Design Wood Chair,241.568
2017,Apple iPhone 5C,239.976
2017,"BlueLounge Milo Smartphone Stand, White/Metallic",239.92
2017,GBC Premium Transparent Covers with Diagonal Lined Pattern,239.172
2017,Surelock Post Binders,238.368
2017,Rogers Profile Extra Capacity Storage Tub,234.35999999999999
2017,Newell 345,234.112
2017,"Global Task Chair, Black",234.094
2017,GE 30522EE2,231.98
2017,Avaya 5410 Digital phone,231.166
2017,Safco Industrial Wire Shelving,230.376
2017,"Deflect-o DuraMat Lighweight, Studded, Beveled Mat for Low Pile Carpeting",230.31
2017,Harbour Creations 67200 Series Stacking Chairs,227.776
2017,Staples,227.612
2017,"XtraLife ClearVue Slant-D Ring Binder, White, 3""",227.54
2017,"Companion Letter/Legal File, Black",226.56
2017,Cisco 8961 IP Phone Charcoal,224.937
2017,V7 USB Numeric Keypad,223.936
2017,Eldon Radial Chair Mat for Low to Medium Pile Carpets,223.88799999999998
2017,"Tenex Personal Filing Tote With Secure Closure Lid, Black/Frost",223.344
2017,Samsung Convoy 3,221.98
2017,"Tyvek  Top-Opening Peel & Seel Envelopes, Plain White",217.44
2017,Plastic Binding Combs,215.13
2017,"Floodlight Indoor Halogen Bulbs, 1 Bulb per Pack, 60 Watts",213.4
2017,Belkin OmniView SE Rackmount Kit,212.88
2017,KI Conference Tables,212.67
2017,Cisco SPA508G,211.168
2017,Panasonic KX-TG6844B Expandable Digital Cordless Telephone,211.168
2017,Rogers Deluxe File Chest,211.008
2017,ClearSounds CSC500 Amplified Spirit Phone Corded phone,209.97
2017,Logitech 910-002974 M325 Wireless Mouse for Web Scrolling,209.93
2017,Microsoft Natural Ergonomic Keyboard 4000,209.93
2017,Ultra Door Pull Handle,208.296
2017,"BOSTON Ranger #55 Pencil Sharpener, Black",207.92000000000002
2017,"Tenex Personal Project File with Scoop Front Design, Black",207.592
2017,Kensington 7 Outlet MasterPiece Power Center with Fax/Phone Line Protection,207.48
2017,Binding Machine Supplies,207.107
2017,Imation Clip USB flash drive - 8 GB,206.79999999999998
2017,Sony Micro Vault Click 8 GB USB 2.0 Flash Drive,206.756
2017,Eureka The Boss Cordless Rechargeable Stick Vac,203.92
2017,GBC Wire Binding Strips,203.136
2017,Deluxe Heavy-Duty Vinyl Round Ring Binder,201.696
2017,Xerox 1944,201.552
2017,Samsung Rugby III,197.97
2017,Fiskars Softgrip Scissors,197.64
2017,Sony Micro Vault Click 4 GB USB 2.0 Flash Drive,195.16
2017,Belkin F9S820V06 8 Outlet Surge,194.88
2017,"Padded Folding Chairs, Black, 4/Carton",194.352
2017,3M Polarizing Light Filter Sleeves,193.96
2017,36X48 HARDFLOOR CHAIRMAT,193.016
2017,Xerox 1885,192.16
2017,Globe Weis Peel & Seel First Class Envelopes,191.7
2017,Advantus Motivational Note Cards,191.26
2017,Global Highback Leather Tilter in Burgundy,191.079
2017,"Rogers Jumbo File, Granite",190.12
2017,Balt Solid Wood Rectangular Table,189.882
2017,Eldon Mobile Mega Data Cart  Mega Stackable  Add-On Trays,189.2
2017,Poly Designer Cover & Back,188.001
2017,Round Specialty Laser Printer Labels,187.95
2017,Deflect-o Glass Clear Studded Chair Mats,186.54
2017,Newell 319,186.496
2017,Belkin F8E887 USB Wired Ergonomic Keyboard,185.938
2017,"Advantus Employee of the Month Certificate Frame, 11 x 13-1/2",185.58
2017,Advantus Rolling Drawer Organizers,184.704
2017,Xerox 1909,184.66
2017,"Seth Thomas 12"" Clock w/ Goldtone Case",183.84
2017,Carina Media Storage Towers in Natural & Black,182.94
2017,Xerox 1910,182.55200000000002
2017,GBC Standard Therm-A-Bind Covers,181.916
2017,"Bevis Round Bullnose 29"" High Table Top",181.797
2017,Okidata B401 Printer,179.991
2017,JBL Micro Wireless Portable Bluetooth Speaker,179.97
2017,Logitech Illuminated - Keyboard,179.97
2017,Jackery Bar Premium Fast-charging Portable Charger,179.7
2017,Xerox 1882,179.136
2017,"Memorex 25GB 6X Branded Blu-Ray Recordable Disc, 30/Pack",178.92
2017,WD My Passport Ultra 500GB Portable External Hard Drive,177.0
2017,"Personal Filing Tote with Lid, Black/Gray",176.814
2017,Samsung HM1900 Bluetooth Headset,175.6
2017,Satellite Sectional Post Binders,173.64
2017,Xerox 19,173.488
2017,Acme Forged Steel Scissors with Black Enamel Handles,173.166
2017,Avery 50,172.914
2017,Logitech Wireless Headset H600 Over-The-Head Design,171.96
2017,GBC Prestige Therm-A-Bind Covers,171.55
2017,"SAFCO Mobile Desk Side File, Wire Frame",171.04
2017,"Avery 4027 File Folder Labels for Dot Matrix Printers, 5000 Labels per Box, White",170.96800000000002
2017,"Conquest 14 Commercial Heavy-Duty Upright Vacuum, Collection System, Accessory Kit",170.88
2017,i.Sound Portable Power - 8000 mAh,169.568
2017,Xerox 1935,168.832
2017,"Wilson Jones Ledger-Size, Piano-Hinge Binder, 2"", Blue",168.018
2017,Imation 32GB Pocket Pro USB 3.0 Flash Drive - 32 GB - Black - 1 P ...,167.72
2017,Boston 16801 Nautilus Battery Pencil Sharpener,167.276
2017,Xerox 194,166.44
2017,Belkin F5C206VTEL 6 Outlet Surge,165.45600000000002
2017,Howard Miller Distant Time Traveler Alarm Clock,164.52
2017,Belkin F9H710-06 7 Outlet SurgeMaster Surge Protector,162.024
2017,invisibleSHIELD by ZAGG Smudge-Free Screen Protector,161.91
2017,Hon Valutask Swivel Chairs,161.568
2017,Xerox 1960,161.096
2017,"Eureka The Boss Lite 10-Amp Upright Vacuum, Blue",160.32
2017,Xerox 1898,160.32
2017,Logitech G700s Rechargeable Gaming Mouse,159.984
2017,RCA ViSYS 25423RE1 Corded phone,159.984
2017,Lock-Up Easel 'Spel-Binder',159.768
2017,"iKross Bluetooth Portable Keyboard + Cell Phone Stand Holder + Brush for Apple iPhone 5S 5C 5, 4S 4",159.22
2017,Maxell 4.7GB DVD-R,158.928
2017,"Strathmore #10 Envelopes, Ultimate White",158.13
2017,Belkin 7 Outlet SurgeMaster Surge Protector with Phone Protection,157.92
2017,Staple holder,157.77
2017,"Executive Impressions 13"" Clairmont Wall Clock",157.686
2017,Plantronics Calisto P620-M USB Wireless Speakerphone System,156.792
2017,GBC Recycled VeloBinder Covers,156.768
2017,Coloredge Poster Frame,156.2
2017,File Shuttle I and Handi-File,155.82
2017,"Tenex File Box, Personal Filing Tote with Lid, Black",155.1
2017,Xerox 1979,154.9
2017,Global Super Steno Chair,153.568
2017,"Executive Impressions 10"" Spectator Wall Clock",152.88
2017,Avery 477,152.65
2017,Micropad Numeric Keypads,151.924
2017,Hon 61000 Series Interactive Training Tables,151.062
2017,Safco Steel Mobile File Cart,150.048
2017,"Eldon Expressions Wood and Plastic Desk Accessories, Oak",149.70000000000002
2017,Cameo Buff Policy Envelopes,149.352
2017,Kingston Digital DataTraveler 16GB USB 2.0,148.57
2017,DAX Natural Wood-Tone Poster Frame,148.288
2017,"Eldon Image Series Desk Accessories, Ebony",148.2
2017,Alphabetical Labels for Top Tab Filing,148.0
2017,Lunatik TT5L-002 Taktik Strike Impact Protection System for iPhone 5,146.952
2017,Tops Green Bar Computer Printout Paper,146.82
2017,Tops White Computer Printout Paper,146.73
2017,Panasonic KP-4ABK Battery-Operated Pencil Sharpener,146.4
2017,Bevis Rectangular Conference Tables,145.98
2017,HP Standard 104 key PS/2 Keyboard,145.0
2017,"Eaton Premium Continuous-Feed Paper, 25% Cotton, Letter Size, White, 1000 Shts/Box",144.248
2017,"Eldon Delta Triangular Chair Mat, 52"" x 58"", Clear",144.13400000000001
2017,Mophie Juice Pack Helium for iPhone,143.982
2017,Global Chrome Stack Chair,143.976
2017,Pizazz Global Quick File,143.71200000000002
2017,"Tennsco Lockers, Gray",142.664
2017,Aluminum Document Frame,141.752
2017,"LF Elite 3D Dazzle Designer Hard Case Cover, Lf Stylus Pen and Wiper For Apple Iphone 5c Mini Lite",141.7
2017,"Fiskars 8"" Scissors, 2/Pack",141.368
2017,"Boston Electric Pencil Sharpener, Model 1818, Charcoal Black",140.75
2017,"Perixx PERIBOARD-512B, Ergonomic Split Keyboard",139.96
2017,Jensen SMPS-640 - speaker phone,137.94
2017,"Wirebound Message Books, Four 2 3/4 x 5 White Forms per Page",137.814
2017,Advantus Rolling Storage Box,137.2
2017,Sauder Inglewood Library Bookcases,136.784
2017,"Barricks Non-Folding Utility Table with Steel Legs, Laminate Tops",136.464
2017,Clear Mylar Reinforcing Strips,136.437
2017,Cisco IP Phone 7961G VoIP phone - Dark gray,135.95
2017,"REDIFORM Incoming/Outgoing Call Register, 11"" X 8 1/2"", 100 Messages",135.108
2017,Staple magnet,133.196
2017,Xerox 202,132.192
2017,"Square Ring Data Binders, Rigid 75 Pt. Covers, 11"" x 14-7/8""",132.096
2017,JM Magazine Binder,132.08
2017,Sterilite Officeware Hinged File Box,132.048
2017,OtterBox Defender Series Case - Samsung Galaxy S4,131.956
2017,Cisco SPA112 2 Port Phone Adapter,131.88
2017,"Contico 72""H Heavy-Duty Storage System",131.136
2017,"Computer Room Manger, 14""",129.92000000000002
2017,Heavy-Duty E-Z-D Binders,129.829
2017,Sony 64GB Class 10 Micro SDHC R40 Memory Card,129.56400000000002
2017,"Recycled Interoffice Envelopes with String and Button Closure, 10 x 13",129.546
2017,Electrix 20W Halogen Replacement Bulb for Zoom-In Desk Lamp,128.64000000000001
2017,"Green Canvas Binder for 8-1/2"" x 14"" Sheets",128.4
2017,"Sortfiler Multipurpose Personal File Organizer, Black",128.34
2017,Flat Face Poster Frame,128.112
2017,24-Hour Round Wall Clock,127.872
2017,Southworth 25% Cotton Premium Laser Paper and Envelopes,127.872
2017,Wilson Jones Turn Tabs Binder Tool for Ring Binders,127.248
2017,Xerox 1942,127.244
2017,Space Solutions Industrial Galvanized Steel Shelving.,126.08
2017,Fellowes Mighty 8 Compact Surge Protector,125.674
2017,"#10 White Business Envelopes,4 1/8 x 9 1/2",125.36
2017,Logitech Desktop MK120 Mouse and keyboard Combo,124.336
2017,Xerox 1988,123.92
2017,Mediabridge Sport Armband iPhone 5s,123.876
2017,"Fellowes Personal Hanging Folder Files, Navy",123.556
2017,Standard Line “While You Were Out” Hardbound Telephone Message Book,123.088
2017,Xerox 1919,122.97
2017,Xerox 1881,122.8
2017,"Global Deluxe Stacking Chair, Gray",122.352
2017,Tripp Lite TLP810NET Broadband Surge for Modem/Fax,122.328
2017,Computer Printout Paper with Letter-Trim Perforations,121.40799999999999
2017,Catalog Binders with Expanding Posts,121.104
2017,Letter Size File,119.1
2017,Polycom SoundPoint Pro SE-225 Corded phone,118.99
2017,"Belkin 19"" Center-Weighted Shelf, Gray",117.96
2017,Southworth 25% Cotton Linen-Finish Paper & Envelopes,117.78
2017,"Alliance Super-Size Bands, Assorted Sizes",116.7
2017,"Recycled Desk Saver Line ""While You Were Out"" Book, 5 1/2"" X 4""",116.35
2017,Xerox 1892,116.28
2017,"GBC White Gloss Covers, Plain Front",115.84
2017,Griffin GC17055 Auxiliary Audio Cable,115.136
2017,"Wirebound Message Books, Four 2 3/4"" x 5"" Forms per Page, 600 Sets per Book",114.94800000000001
2017,"Elite 5"" Scissors",114.92
2017,Recycled Steel Personal File for Hanging File Folders,114.46
2017,Eldon Simplefile Box Office,114.448
2017,3M Replacement Filter for Office Air Cleaner for 20' x 33' Room,113.76
2017,"Hon Metal Bookcases, Putty",113.568
2017,Tripp Lite Isotel 8 Ultra 8 Outlet Metal Surge,113.552
2017,Apple EarPods with Remote and Mic,111.96000000000001
2017,Xerox 1934,111.96
2017,12-1/2 Diameter Round Wall Clock,111.888
2017,Newell 34,111.104
2017,Wilson Jones International Size A4 Ring Binders,110.72
2017,Recycled Easel Ring Binders,110.408
2017,9-3/4 Diameter Round Wall Clock,110.32
2017,Plantronics Audio 995 Wireless Stereo Headset,109.95
2017,Xerox 1889,109.92
2017,"Contract Clock, 14"", Brown",109.9
2017,"Inter-Office Recycled Envelopes, Brown Kraft, Button-String,10"" x 13"" , 100/Box",109.9
2017,Advantus Panel Wall Certificate Holder - 8.5x11,109.8
2017,"C-Line Cubicle Keepers Polyproplyene Holder w/Velcro Back, 8-1/2x11, 25/Bx",109.48
2017,Holmes HEPA Air Purifier,108.9
2017,Westinghouse Clip-On Gooseneck Lamps,108.80999999999999
2017,Nortel Networks T7316 E Nt8 B27,108.784
2017,Memorex Mini Travel Drive 64 GB USB 2.0 Flash Drive,108.72
2017,"DAX Executive Solid Wood Document Frame, Desktop or Hang, Mahogany, 5 x 7",108.18799999999999
2017,KeyTronic E03601U1 - Keyboard - Beige,108.0
2017,Xerox 1906,106.32
2017,GBC Plastic Binding Combs,106.272
2017,Clarity 53712,105.584
2017,Texas Instruments TI-34 Scientific Calculator,105.552
2017,Xerox 1883,105.52
2017,Super Decoflex Portable Personal File,104.86
2017,Acco 6 Outlet Guardian Premium Surge Suppressor,104.83200000000001
2017,Anker 36W 4-Port USB Wall Charger Travel Power Adapter for iPhone 5s 5c 5,103.948
2017,Avery 473,103.5
2017,"Acco Six-Outlet Power Strip, 4' Cord Length",103.44
2017,SAFCO Folding Chair Trolley,102.592
2017,Strathmore Photo Frame Cards,102.34000000000002
2017,"Linden 12"" Wall Clock With Oak Frame",101.94
2017,Kingston Digital DataTraveler 32GB USB 2.0,101.7
2017,Great White Multi-Use Recycled Paper (20Lb. and 84 Bright),101.66
2017,"Verbatim 25 GB 6x Blu-ray Single Layer Recordable Disc, 25/Pack",101.156
2017,Hypercom P1300 Pinpad,100.8
2017,"DAX Charcoal/Nickel-Tone Document Frame, 5 x 7",100.488
2017,Deflect-O Glasstique Clear Desk Accessories,100.1
2017,Xerox Blank Computer Paper,99.9
2017,Fellowes Bases and Tops For Staxonsteel/High-Stak Systems,99.87
2017,"GBC Velobind Prepunched Cover Sets, Regency Series",99.846
2017,Safco Drafting Table,99.372
2017,Staple remover,98.688
2017,Dana Halogen Swing-Arm Architect Lamp,98.328
2017,Xerox 1891,97.82
2017,DAX Two-Tone Silver Metal Document Frame,97.152
2017,"Adams Phone Message Book, 200 Message Capacity, 8 1/16” x 11”",96.32
2017,14-7/8 x 11 Blue Bar Computer Printout Paper,96.08
2017,Xerox 1993,95.90400000000001
2017,Cisco SPA525G2 IP Phone - Wireless,95.76
2017,Newell 315,95.68
2017,SanDisk Cruzer 32 GB USB Flash Drive,95.1
2017,Southworth 25% Cotton Antique Laid Paper & Envelopes,95.076
2017,Logitech G105 Gaming Keyboard,94.992
2017,Xerox 1939,94.85
2017,Staple-based wall hangings,94.47200000000001
2017,Mobile Personal File Cube,93.68
2017,Eldon Expressions Mahogany Wood Desk Collection,93.6
2017,Xerox 226,93.312
2017,"Snap-A-Way Black Print Carbonless Speed Message, No Reply Area, Duplicate",93.248
2017,Hoover Commercial Lightweight Upright Vacuum with E-Z Empty Dirt Cup,93.032
2017,Safco Commercial Shelving,93.02
2017,Avery Heavy-Duty EZD  Binder With Locking Rings,92.628
2017,PureGear Roll-On Screen Protector,91.95400000000001
2017,Eldon 500 Class Desk Accessories,91.732
2017,Nu-Dell Float Frame 11 x 14 1/2,91.596
2017,Penpower WorldCard Pro Card Scanner,91.475
2017,"Bush Westfield Collection Bookcases, Dark Cherry Finish, Fully Assembled",90.882
2017,Imation 8GB Mini TravelDrive USB 2.0 Flash Drive,90.57
2017,"Wilson Jones Clip & Carry Folder Binder Tool for Ring Binders, Clear",90.47999999999999
2017,X-Rack File for Hanging Folders,90.32
2017,Acco Perma 2700 Stacking Storage Drawers,89.22
2017,"DAX Contemporary Wood Frame with Silver Metal Mat, Desktop, 11 x 14 Size",89.056
2017,"Avery Durable Plastic 1"" Binders",88.98400000000001
2017,GBC Poly Designer Binding Covers,88.72200000000001
2017,"Acco Pressboard Covers with Storage Hooks, 14 7/8"" x 11"", Light Blue",88.38
2017,Logitech ClearChat Comfort/USB Headset H390,87.87
2017,Avery 486,87.72
2017,Ibico Plastic and Wire Spiral Binding Combs,87.672
2017,#10 Self-Seal White Envelopes,86.50200000000001
2017,Acme Softgrip Scissors,86.284
2017,I Need's 3d Hello Kitty Hybrid Silicone Case Cover for HTC One X 4g with 3d Hello Kitty Stylus Pen Green/pink,86.112
2017,Universal Premium White Copier/Laser Paper (20Lb. and 87 Bright),86.112
2017,"GBC Twin Loop Wire Binding Elements, 9/16"" Spine, Black",85.232
2017,Magnifier Swing Arm Lamp,83.92
2017,Fellowes 8 Outlet Superior Workstation Surge Protector,83.42
2017,Kensington K72356US Mouse-in-a-Box USB Desktop Mouse,82.95
2017,Southworth 100% Cotton The Best Paper,82.656
2017,"Premier Elliptical Ring Binder, Black",82.188
2017,SANFORD Major Accent Highlighters,82.128
2017,Belkin 8 Outlet Surge Protector,81.96
2017,Lenovo 17-Key USB Numeric Keypad,81.576
2017,"Permanent Self-Adhesive File Folder Labels for Typewriters, 1 1/8 x 3 1/2, White",80.64
2017,Wilson Jones Leather-Like Binders with DublLock Round Rings,80.316
2017,"Executive Impressions 14"" Contract Wall Clock",80.02799999999999
2017,Boston 16765 Mini Stand Up Battery Pencil Sharpener,79.288
2017,"Ultra Door Kickplate, 8""H x 34""W",79.12
2017,"Fellowes Premier Superior Surge Suppressor, 10-Outlet, With Phone and Remote",78.272
2017,Fellowes Basic Home/Office Series Surge Protectors,77.88
2017,Xerox 1937,76.864
2017,"Dixon Prang Watercolor Pencils, 10-Color Set with Brush",76.68
2017,"Ink Jet Note and Greeting Cards, 8-1/2"" x 5-1/2"" Card Size",76.432
2017,Imation Secure Drive + Hardware Encrypted USB flash drive - 16 GB,75.98
2017,"Hunt PowerHouse Electric Pencil Sharpener, Blue",75.96
2017,GBC VeloBind Cover Sets,75.656
2017,Avery Hanging File Binders,75.348
2017,"GBC Prepunched Paper, 19-Hole, for Binding Systems, 24-lb",75.05
2017,Imation 8gb Micro Traveldrive Usb 2.0 Flash Drive,75.0
2017,"DAX Value U-Channel Document Frames, Easel Back",74.55
2017,DAX Solid Wood Frames,74.25200000000001
2017,Avery 487,73.8
2017,"Deflect-o RollaMat Studded, Beveled Mat for Medium Pile Carpeting",73.784
2017,Xerox 1959,73.47999999999999
2017,Avery Legal 4-Ring Binder,73.42999999999999
2017,"Rediform Wirebound ""Phone Memo"" Message Book, 11 x 5-3/4",73.344
2017,Quality Park Security Envelopes,73.27600000000001
2017,Ibico Standard Transparent Covers,72.512
2017,"Atlantic Metals Mobile 2-Shelf Bookcases, Custom Colors",72.294
2017,BIC Liqua Brite Liner,72.176
2017,Martin-Yale Premier Letter Opener,72.128
2017,Nokia Lumia 521 (T-Mobile),71.976
2017,Prismacolor Color Pencil Set,71.424
2017,Xerox 216,71.28
2017,"Master Caster Door Stop, Brown",71.12
2017,"Seth Thomas 13 1/2"" Wall Clock",71.12
2017,Memorex Froggy Flash Drive 4 GB,70.336
2017,"TOPS Carbonless Receipt Book, Four 2-3/4 x 7-1/4 Money Receipts per Page",70.08
2017,Logitech Media Keyboard K200,69.98
2017,"Advantus Push Pins, Aluminum Head",69.72
2017,"Acme Hot Forged Carbon Steel Scissors with Nickel-Plated Handles, 3 7/8"" Cut, 8""L",69.5
2017,Fellowes Advanced Computer Series Surge Protectors,68.874
2017,Wilson Jones Century Plastic Molded Ring Binders,68.541
2017,Grandstream GXP1160 VoIP phone,68.238
2017,KLD Oscar II Style Snap-on Ultra Thin Side Flip Synthetic Leather Cover Case for HTC One HTC M7,68.04
2017,"Memorex 25GB 6X Branded Blu-Ray Recordable Disc, 15/Pack",67.96
2017,"GBC Standard Recycled Report Covers, Clear Plastic Sheets",67.914
2017,Vinyl Sectional Post Binders,67.86
2017,Fellowes Command Center 5-outlet power strip,67.84
2017,Strathmore Photo Mount Cards,67.8
2017,"Tenex Personal Self-Stacking Standard File Box, Black/Gray",67.64
2017,Avery Self-Adhesive Photo Pockets for Polaroid Photos,67.419
2017,Xerox 1978,67.048
2017,Macally Suction Cup Mount,66.92
2017,Presstex Flexible Ring Binders,66.88499999999999
2017,Xerox 1986,66.8
2017,"Acco Data Flex Cable Posts For Top & Bottom Load Binders, 6"" Capacity",66.752
2017,"Executive Impressions 8-1/2"" Career Panel/Partition Cubicle Clock",66.56
2017,Xerox 225,66.096
2017,Newell 31,66.08
2017,Cardinal EasyOpen D-Ring Binders,65.80799999999999
2017,Cardinal Holdit Data Disk Pockets,65.52
2017,"Acco Flexible ACCOHIDE Square Ring Data Binder, Dark Blue, 11 1/2"" X 14"" 7/8""",65.08
2017,Belkin Grip Candy Sheer Case / Cover for iPhone 5 and 5S,64.972
2017,Petty Cash Envelope,64.704
2017,Avery Personal Creations Heavyweight Cards,64.624
2017,Logitech G13 Programmable Gameboard with LCD Display,63.992
2017,"GBC Pre-Punched Binding Paper, Plastic, White, 8-1/2"" x 11""",63.959999999999994
2017,PayAnywhere Card Reader,63.936
2017,Tenex Chairmats For Use With Carpeted Floors,63.92
2017,Memorex Mini Travel Drive 16 GB USB 2.0 Flash Drive,63.88
2017,Maxell 4.7GB DVD+RW 3/Pack,63.72
2017,Nu-Dell Executive Frame,63.2
2017,"Acme 10"" Easy Grip Assistive Scissors",63.108000000000004
2017,"Verbatim 25 GB 6x Blu-ray Single Layer Recordable Disc, 3/Pack",62.910000000000004
2017,"Adams Phone Message Book, Professional, 400 Message Capacity, 5 3/6” x 11”",62.82
2017,Memorex Micro Travel Drive 8 GB,62.4
2017,Xerox 214,62.208000000000006
2017,Fiskars Home & Office Scissors,62.16
2017,Kensington 6 Outlet Guardian Standard Surge Protector,61.44
2017,Xerox 1933,61.4
2017,Acme Box Cutter Scissors,61.38
2017,Xerox 196,61.267999999999994
2017,"Linden 10"" Round Wall Clock, Black",61.12
2017,Recycled Premium Regency Composition Covers,61.12
2017,Samsung Replacement EH64AVFWE Premium Headset,60.5
2017,"Sanford Colorific Colored Pencils, 12/Box",60.480000000000004
2017,Advantus Panel Wall Acrylic Frame,60.17
2017,HP Office Paper (20Lb. and 87 Bright),60.12
2017,Panasonic KX T7731-B Digital phone,59.994
2017,Acme Office Executive Series Stainless Steel Trimmers,59.99
2017,"DAX Cubicle Frames, 8-1/2 x 11",59.99
2017,NETGEAR RangeMax WNR1000 Wireless Router,59.976
2017,"Belkin SportFit Armband For iPhone 5s/5c, Fuchsia",59.96
2017,Xerox 191,59.94
2017,Laser & Ink Jet Business Envelopes,59.752
2017,"Holmes Cool Mist Humidifier for the Whole House with 8-Gallon Output per Day, Extended Life Filter",59.7
2017,"Wirebound Four 2-3/4 x 5 Forms per Page, 400 Sets per Book",59.34
2017,"Logitech B530 USB Headset - headset - Full size, Binaural",59.184
2017,3.6 Cubic Foot Counter Height Office Refrigerator,58.924
2017,Canvas Sectional Post Binders,58.55799999999999
2017,Memorex Micro Travel Drive 32 GB,58.416
2017,Xerox 192,58.32
2017,"6"" Cubicle Wall Clock, Black",58.248
2017,Berol Giant Pencil Sharpener,57.766000000000005
2017,"Speediset Carbonless Redi-Letter 7"" x 8 1/2""",57.736000000000004
2017,GBC VeloBinder Manual Binding System,57.584
2017,"Perma STOR-ALL Hanging File Box, 13 1/8""W x 12 1/4""D x 10 1/2""H",57.408
2017,"GBC Laser Imprintable Binding System Covers, Desert Sand",57.08
2017,"White Business Envelopes with Contemporary Seam, Recycled White Business Envelopes",56.888000000000005
2017,Flexible Leather- Look Classic Collection Ring Binder,56.82
2017,Hanging Personal Folder File,56.519999999999996
2017,"Personal Folder Holder, Ebony",56.050000000000004
2017,iHome FM Clock Radio with Lightning Dock,55.992
2017,Anker Astro Mini 3000mAh Ultra-Compact Portable Charger,55.972
2017,iOttie HLCRIO102 Car Mount,55.971999999999994
2017,Eldon Fold 'N Roll Cart System,55.92
2017,Avery White Multi-Purpose Labels,55.775999999999996
2017,VariCap6 Expandable Binder,55.36
2017,Ultra Door Push Plate,54.992
2017,Acco 6 Outlet Guardian Premium Plus Surge Suppressor,54.96
2017,Green Bar Computer Printout Paper,54.96
2017,"Manila Recycled Extra-Heavyweight Clasp Envelopes, 6"" x 9""",54.9
2017,Xerox 1929,54.816
2017,Crate-A-Files,54.5
2017,"Eureka Recycled Copy Paper 8 1/2"" x 11"", Ream",54.432
2017,"C-Line Magnetic Cubicle Keepers, Clear Polypropylene",54.34
2017,Model L Table or Wall-Mount Pencil Sharpener,53.97
2017,"Wilson Jones Hanging View Binder, White, 1""",53.959999999999994
2017,"Cardinal Slant-D Ring Binder, Heavy Gauge Vinyl",53.878
2017,Xerox 193,53.82000000000001
2017,Harmony HEPA Quiet Air Purifiers,53.82
2017,"Eldon Expressions Desk Accessory, Wood Photo Frame, Mahogany",53.312
2017,Bionaire 99.97% HEPA Air Cleaner,52.56
2017,Xerox 1931,51.84
2017,Xerox 209,51.84
2017,Xerox 217,51.84
2017,Xerox 228,51.84
2017,Ibico Recycled Grain-Textured Covers,51.81
2017,GBC Binding covers,51.8
2017,Avery 503,51.75
2017,Contemporary Wood/Metal Frame,51.712
2017,"Eldon Expressions Wood Desk Accessories, Oak",51.66
2017,"Acco PRESSTEX Data Binder with Storage Hooks, Dark Blue, 14 7/8"" X 11""",51.648
2017,"Black Print Carbonless Snap-Off Rapid Letter, 8 1/2"" x 7""",51.016
2017,Southworth Structures Collection,50.96
2017,DXL Angle-View Binders with Locking Rings by Samsill,50.886
2017,Tops Wirebound Message Log Books,50.666
2017,Akro Stacking Bins,50.496
2017,Things To Do Today Pad,50.482
2017,Avery Non-Stick Binders,50.288
2017,Eldon 200 Class Desk Accessories,50.239999999999995
2017,Advantus Plastic Paper Clips,50.0
2017,Xerox 1900,49.648
2017,Xerox 1951,49.568
2017,Acme Tagit Stainless Steel Antibacterial Scissors,49.5
2017,"OIC Colored Binder Clips, Assorted Sizes",49.404
2017,Cyber Acoustics AC-202b Speech Recognition Stereo Headset,49.362
2017,Xerox 1907,49.12
2017,Euro Pro Shark Stick Mini Vacuum,48.784
2017,O'Sullivan 2-Shelf Heavy-Duty Bookcases,48.58
2017,"Telephone Message Books with Fax/Mobile Section, 5 1/2"" x 3 3/16""",48.26
2017,Memorex Micro Travel Drive 16 GB,47.97
2017,Xerox 1928,47.52
2017,"BIC Brite Liner Grip Highlighters, Assorted, 5/Pack",47.488
2017,Artistic Insta-Plaque,47.04
2017,XtraLife ClearVue Slant-D Ring Binders by Cardinal,47.04
2017,Xerox 212,46.656000000000006
2017,Advantus SlideClip Paper Clips,46.376000000000005
2017,GBC ProClick Spines for 32-Hole Punch,46.361
2017,Avery 493,46.153999999999996
2017,Ibico Covers for Plastic or Wire Binding Elements,46.0
2017,Tenex B1-RE Series Chair Mats for Low Pile Carpets,45.98
2017,GBC Instant Report Kit,45.937
2017,Xerox 1982,45.68
2017,"DAX Two-Tone Rosewood/Black Document Frame, Desktop, 5 x 7",45.504
2017,Xerox 1946,45.36
2017,Xerox 204,45.36
2017,"Wirebound Message Books, 2 7/8"" x 5"", 3 Forms per Page",45.056
2017,"Ampad Gold Fibre Wirebound Steno Books, 6"" x 9"", Gregg Ruled",44.982
2017,"Performers Binder/Pad Holder, Black",44.848
2017,Ampad #10 Peel & Seel Holiday Envelopes,44.8
2017,Avery 512,44.506
2017,"Executive Impressions 14"" Contract Wall Clock with Quartz Movement",44.46
2017,Avery 475,44.4
2017,Avery Poly Binder Pockets,44.392
2017,"SKILCRAFT Telephone Shoulder Rest, 2"" x 6.5"" x 2.5"", Black",44.339999999999996
2017,Avery Durable Slant Ring Binders With Label Holder,44.308
2017,Xerox 1965,44.252
2017,Advantus Map Pennant Flags and Round Head Tacks,44.24
2017,Avery 508,44.19
2017,Imation 30456 USB Flash Drive 8GB,44.16
2017,Xerox 227,44.064
2017,Xerox 23,44.064
2017,"Eldon 200 Class Desk Accessories, Smoke",43.96
2017,SpineVue Locking Slant-D Ring Binders by Cardinal,43.872
2017,Self-Adhesive Address Labels for Typewriters by Universal,43.86
2017,Avery 49,43.775999999999996
2017,Newell 332,43.512
2017,Holmes Odor Grabber,43.26
2017,Longer-Life Soft White Bulbs,43.12
2017,"ACCOHIDE 3-Ring Binder, Blue, 1""",42.952
2017,Newell 341,42.8
2017,Xerox 222,42.768
2017,Xerox 224,42.768
2017,Avery Binding System Hidden Tab Executive Style Index Sets,42.698
2017,Square Credit Card Reader,41.958
2017,Texas Instrument TI-15 Fraction Calculator,41.905
2017,"Avery 3 1/2"" Diskette Storage Pages, 10/Pack",41.76
2017,"Verbatim 25 GB 6x Blu-ray Single Layer Recordable Disc, 1/Pack",41.72
2017,Xerox 201,41.472
2017,Avery 476,41.3
2017,Xerox 1962,41.088
2017,"Recycled Interoffice Envelopes with Re-Use-A-Seal Closure, 10 x 13",40.968
2017,Newell 328,40.88
2017,Brown Kraft Recycled Envelopes,40.752
2017,ARKON Windshield Dashboard Air Vent Car Mount Holder,40.68
2017,GBC Durable Plastic Covers,40.635
2017,Avery 52,40.59
2017,Woodgrain Magazine Files by Perma,40.528
2017,HP Office Recycled Paper (20Lb. and 87 Bright),40.46
2017,Xerox 1987,40.46
2017,Acco Hot Clips Clips to Go,40.138
2017,Avery 481,40.04
2017,GE DSL Phone Line Filter,39.99
2017,Telescoping Adjustable Floor Lamp,39.98
2017,PowerGen Dual USB Car Charger,39.96
2017,Luxo Economy Swing Arm Lamp,39.88
2017,"Adams Telephone Message Book W/Dividers/Space For Phone Numbers, 5 1/4""X8 1/2"", 200/Messages",39.76
2017,Akro-Mils 12-Gallon Tote,39.72
2017,OIC Binder Clips,39.379999999999995
2017,Xerox 1916,39.152
2017,"Bravo II Megaboss 12-Amp Hard Body Upright, Replacement Belts, 2 Belts per Pack",39.0
2017,Xerox 229,38.88
2017,Xerox 232,38.879999999999995
2017,"Fellowes Twister Kit, Gray/Clear, 3/pkg",38.592
2017,OIC Bulk Pack Metal Binder Clips,38.39
2017,GBC Personal VeloBind Strips,38.336
2017,Avery 51,37.8
2017,Avery 515,37.59
2017,"Rediform S.O.S. 1-Up Phone Message Bk, 4-1/4x3-1/16 Bk, 1 Form/Pg, 40 Messages/Bk, 3/Pk",37.52
2017,"Wilson Jones 1"" Hanging DublLock Ring Binders",37.488
2017,Fellowes Binding Cases,37.44
2017,Large Capacity Hanging Post Binders,37.425
2017,"Eberhard Faber 3 1/2"" Golf Pencils",37.2
2017,Newell 325,37.17
2017,Motorola L804,36.792
2017,Portable Personal File Box,36.63
2017,Aluminum Screw Posts,36.624
2017,"White Envelopes, White Envelopes with Clear Poly Window",36.6
2017,Griffin GC36547 PowerJolt SE Lightning Charger,35.984
2017,Bulldog Vacuum Base Pencil Sharpener,35.97
2017,Astroparche Fine Business Paper,35.904
2017,Jet-Pak Recycled Peel 'N' Seal Padded Mailers,35.89
2017,Xerox 1895,35.88
2017,Ideal Clamps,35.778
2017,Magna Visual Magnetic Picture Hangers,35.668
2017,"Acco Clips to Go Binder Clips, 24 Clips in Two Sizes",35.5
2017,"Executive Impressions 12"" Wall Clock",35.34
2017,Advantus Push Pins,35.316
2017,"Wirebound Message Books, Four 2 3/4 x 5 Forms per Page, 200 Sets per Book",35.298
2017,"Adams Telephone Message Book W/Dividers/Space For Phone Numbers, 5 1/4""X8 1/2"", 300/Messages",35.28
2017,Recycled Pressboard Report Cover with Reinforced Top Hinge,35.207
2017,Newell 312,35.04
2017,Xerox 1994,34.992000000000004
2017,Xerox 206,34.992000000000004
2017,Avery 499,34.86
2017,Panasonic KP-350BK Electric Pencil Sharpener with Auto Stop,34.58
2017,Storex Dura Pro Binders,34.452
2017,4009 Highlighters by Sanford,34.228
2017,Xerox 1887,34.146
2017,Acme Preferred Stainless Steel Scissors,34.08
2017,C-Line Cubicle Keepers Polyproplyene Holder With Velcro Backings,34.056
2017,"SimpliFile Personal File, Black Granite, 15w x 6-15/16d x 11-1/4h",34.05
2017,Stanley Bostitch Contemporary Electric Pencil Sharpeners,33.96
2017,Wilson Jones DublLock D-Ring Binders,33.75
2017,Acco Translucent Poly Ring Binders,33.696
2017,"Dixon Ticonderoga Erasable Colored Pencil Set, 12-Color",33.488
2017,DAX Cubicle Frames - 8x10,33.465999999999994
2017,Sanford Liquid Accent Highlighters,33.4
2017,Rogers Handheld Barrel Pencil Sharpener,32.88
2017,Eldon Executive Woodline II Cherry Finish Desk Accessories,32.712
2017,Tennsco Commercial Shelving,32.544
2017,Xerox 1996,32.4
2017,Xerox 223,32.4
2017,Barrel Sharpener,32.13
2017,"Executive Impressions 16-1/2"" Circular Wall Clock",32.064
2017,"TOPS Money Receipt Book, Consecutively Numbered in Red,",32.04
2017,"GE General Purpose, Extra Long Life, Showcase & Floodlight Incandescent Bulbs",32.01
2017,Anker Ultra-Slim Mini Bluetooth 3.0 Wireless Keyboard,31.984
2017,"TOPS ""Important Message"" Pads, Canary, 4-1/4 x 5-1/2, 50 Sheets per Pad",31.671999999999997
2017,Newell 348,31.488
2017,Newell 343,31.164
2017,Staples in misc. colors,30.976
2017,KeyTronic KT400U2 - Keyboard - Black,30.84
2017,Xerox 199,30.816
2017,"Angle-D Binders with Locking Rings, Label Holders",30.66
2017,Eldon Wave Desk Accessories,30.628
2017,Security-Tint Envelopes,30.56
2017,50 Colored Long Pencils,30.48
2017,"TOPS Voice Message Log Book, Flash Format",30.464
2017,"Master Giant Foot Doorstop, Safety Yellow",30.36
2017,Xerox 1912,30.352
2017,"DAX Copper Panel Document Frame, 5 x 7 Size",30.192
2017,Riverleaf Stik-Withit Designer Note Cubes,30.18
2017,Hammermill Color Copier Paper (28Lb. and 96 Bright),29.97
2017,Stacking Trays by OIC,29.880000000000003
2017,"Acco Four Pocket Poly Ring Binder with Label Holder, Smoke, 1""",29.8
2017,Avery File Folder Labels,29.375999999999998
2017,Newell 331,29.34
2017,Avery 519,29.24
2017,Avery Hi-Liter Smear-Safe Highlighters,29.2
2017,"Cardinal HOLDit! Binder Insert Strips,Extra Strips",29.118000000000002
2017,DIXON Ticonderoga Erasable Checking Pencils,29.016000000000002
2017,Wilson Jones “Snap” Scratch Pad Binder Tool for Ring Binders,29.0
2017,BIC Brite Liner Highlighters,28.979999999999997
2017,Prang Drawing Pencil Set,28.912
2017,Stiletto Hand Letter Openers,28.8
2017,Xerox 1975,28.512
2017,Xerox 200,28.512
2017,Avery 496,28.5
2017,Avery 520,28.35
2017,"Westinghouse Mesh Shade Clip-On Gooseneck Lamp, Black",28.28
2017,"Eldon 400 Class Desk Accessories, Black Carbon",28.0
2017,"Hunt BOSTON Vista Battery-Operated Pencil Sharpener, Black",27.983999999999998
2017,Fiskars Spring-Action Scissors,27.96
2017,Eldon Shelf Savers Cubes and Bins,27.92
2017,Avery 483,27.887999999999998
2017,GBC Linen Binding Covers,27.882
2017,Round Ring Binders,27.872
2017,"Peel & Seel Recycled Catalog Envelopes, Brown",27.792
2017,Acme Value Line Scissors,27.74
2017,Avery Durable Slant Ring Binders,27.72
2017,Newell 309,27.72
2017,Acco Hanging Data Binders,27.432000000000002
2017,"Eldon Stackable Tray, Side-Load, Legal, Smoke",27.42
2017,Newell 316,27.384
2017,Rosewill 107 Normal Keys USB Wired Standard Keyboard,26.96
2017,Fellowes Desktop Hanging File Manager,26.86
2017,Avery Heavy-Duty EZD View Binder with Locking Rings,26.796
2017,3M Hangers With Command Adhesive,26.64
2017,"Redi-Strip #10 Envelopes, 4 1/8 x 9 1/2",26.55
2017,Acco Smartsocket Color-Coded Six-Outlet AC Adapter Model Surge Protectors,26.406
2017,GBC Imprintable Covers,26.352
2017,Wilson Jones data.warehouse D-Ring Binders with DublLock,26.336
2017,Belkin 6 Outlet Metallic Surge Strip,26.136000000000003
2017,"Acco Recycled 2"" Capacity Laser Printer Hanging Data Binders",26.01
2017,Gear Head AU3700S Headset,25.98
2017,Xerox 1957,25.92
2017,Xerox 218,25.92
2017,Nu-Dell Oak Frame,25.632
2017,Storex DuraTech Recycled Plastic Frosted Binders,25.44
2017,Wilson Jones Standard D-Ring Binders,25.3
2017,Avery 488,25.2
2017,Fellowes Black Plastic Comb Bindings,24.983
2017,"#10 Gummed Flap White Envelopes, 100/Box",24.78
2017,"Eldon 300 Class Desk Accessories, Black",24.75
2017,Eldon Gobal File Keepers,24.224
2017,GBC Plasticlear Binding Covers,24.107999999999997
2017,KeyTronic KT800P2 - Keyboard - Black,24.032
2017,Xerox 1920,23.92
2017,Newell 333,23.908
2017,Array Memo Cubes,23.828
2017,"Holmes Replacement Filter for HEPA Air Cleaner, Large Room",23.696
2017,"It's Hot Message Books with Stickers, 2 3/4"" x 5""",23.68
2017,Boston Home & Office Model 2000 Electric Pencil Sharpeners,23.65
2017,Xerox 1905,23.328000000000003
2017,"#10- 4 1/8"" x 9 1/2"" Security-Tint Envelopes",22.92
2017,"Seth Thomas 14"" Day/Date Wall Clock",22.784
2017,Avery 516,21.93
2017,Newell 326,21.823999999999998
2017,"Binney & Smith Crayola Metallic Colored Pencils, 8-Color Set",21.298000000000002
2017,Imation USB 2.0 Swivel Flash Drive USB flash drive - 4 GB - Pink,21.21
2017,"Master Big Foot Doorstop, Beige",21.12
2017,Avery Binder Labels,21.006
2017,AmazonBasics 3-Button USB Wired Mouse,20.97
2017,Rubber Band Ball,20.944000000000003
2017,"Eldon Image Series Desk Accessories, Burgundy",20.9
2017,Xerox 1976,20.736
2017,Pressboard Hanging Data Binders for Unburst Sheets,20.664
2017,Newell Chalk Holder,20.65
2017,"Pressboard Covers with Storage Hooks, 9 1/2"" x 11"", Light Blue",20.622
2017,Poly String Tie Envelopes,20.4
2017,Wilson Jones Active Use Binders,20.384
2017,Turquoise Lead Holder with Pocket Clip,20.1
2017,Xerox 1923,20.04
2017,Xerox 195,20.04
2017,Revere Boxed Rubber Bands by Revere,20.034
2017,Xerox 1884,19.98
2017,Xerox 1896,19.98
2017,Ibico Presentation Index for Binding Systems,19.9
2017,Newell 327,19.89
2017,Tuff Stuff Recycled Round Ring Binders,19.762
2017,Newell 35,19.68
2017,Eldon Pizzaz Desk Accessories,19.624000000000002
2017,Avery 518,19.53
2017,Newell 318,19.46
2017,Zebra Zazzle Fluorescent Highlighters,19.456
2017,Weyerhaeuser First Choice Laser/Copy Paper (20Lb. and 88 Bright),19.44
2017,Xerox 1958,19.44
2017,Xerox 22,19.44
2017,"Wirebound Service Call Books, 5 1/2"" x 4""",19.36
2017,Xerox 1947,19.136
2017,Kingston Digital DataTraveler 8GB USB 2.0,19.04
2017,Avery 495,18.9
2017,"Eldon 200 Class Desk Accessories, Black",18.84
2017,Acrylic Self-Standing Desk Frames,18.69
2017,Blackstonian Pencils,18.69
2017,"Universal Recycled Hanging Pressboard Report Binders, Letter Size",18.51
2017,Xerox 1899,18.496
2017,Deluxe Chalkboard Eraser Cleaner,18.48
2017,"Verbatim Slim CD and DVD Storage Cases, 50/Pack",18.464
2017,GBC VeloBinder Strips,18.432
2017,"GBC Clear Cover, 8-1/2 x 11, unpunched, 25 covers per pack",18.192
2017,"Telephone Message Books with Fax/Mobile Section, 4 1/4"" x 6""",18.0
2017,Regeneration Desk Collection,17.6
2017,Serrated Blade or Curved Handle Hand Letter Openers,17.584
2017,Disposable Triple-Filter Dust Bags,17.48
2017,"Eureka Sanitaire  Multi-Pro Heavy-Duty Upright, Disposable Bags",17.48
2017,"Hoover Replacement Belts For Soft Guard & Commercial Ltweight Upright Vacs, 2/Pk",17.380000000000003
2017,Cardinal Slant-D Ring Binders,17.38
2017,Newell 340,17.28
2017,"Acco PRESSTEX Data Binder with Storage Hooks, Light Blue, 9 1/2"" X 11""",17.216
2017,"Message Book, Standard Line ""While You Were Out"", 5 1/2"" X 4"", 200 Sets/Book",17.12
2017,Dana Swing-Arm Lamps,17.088
2017,Translucent Push Pins by OIC,16.632
2017,"Avery Address/Shipping Labels for Typewriters, 4"" x 2""",16.56
2017,Nontoxic Chalk,16.544
2017,Avery 494,16.182000000000002
2017,Binder Posts,16.072
2017,Xerox 1921,15.984
2017,Economy #2 Pencils,15.96
2017,Cardinal Holdit Business Card Pockets,15.936
2017,"Avery Durable Slant Ring Binders, No Labels",15.92
2017,Acme Rosewood Handle Letter Opener,15.88
2017,Newell 334,15.872
2017,Southworth 25% Cotton Granite Paper & Envelopes,15.696
2017,Ibico Recycled Linen-Style Covers,15.624
2017,SanDisk Cruzer 4 GB USB Flash Drive,15.576
2017,Xerox 2,15.552
2017,Colorific Watercolor Pencils,15.48
2017,OIC Stacking Trays,15.364
2017,Stockwell Push Pins,15.26
2017,"Eldon Expressions Punched Metal & Wood Desk Accessories, Black & Cherry",15.008
2017,"GE 4 Foot Flourescent Tube, 40 Watt",14.98
2017,Rediform Voice Mail Log Books,14.9
2017,Newell 338,14.7
2017,Prang Colored Pencils,14.7
2017,"Array Parchment Paper, Assorted Colors",14.56
2017,"Eldon Regeneration Recycled Desk Accessories, Black",14.52
2017,Avery Recycled Flexi-View Covers for Binding Systems,14.427
2017,Newell 346,14.4
2017,Avery Premier Heavy-Duty Binder with Round Locking Rings,14.28
2017,GBC Standard Plastic Binding Systems Combs,14.16
2017,Portfile Personal File Boxes,14.16
2017,"Dixon Ticonderoga Maple Cedar Pencil, #2",14.122
2017,"Dixon My First Ticonderoga Pencil, #2",14.04
2017,Project Tote Personal File,14.03
2017,"Commercial WindTunnel Clean Air Upright Vacuum, Replacement Belts, Filtration Bags",14.004
2017,"SmartStand Mobile Device Holder, Assorted Colors",13.98
2017,Acme Design Stainless Steel Bent Scissors,13.68
2017,Memorex Mini Travel Drive 4 GB USB 2.0 Flash Drive,13.616
2017,"Memo Book, 100 Message Capacity, 5 3/8” x 11”",13.48
2017,Newell 33,13.392
2017,Acme Elite Stainless Steel Scissors,13.344
2017,G.E. Longer-Life Indoor Recessed Floodlight Bulbs,13.28
2017,Southworth Parchment Paper & Envelopes,13.08
2017,Avery Round Ring Poly Binders,13.064
2017,SanDisk Ultra 16 GB MicroSDHC Class 10 Memory Card,12.99
2017,Xerox 1966,12.96
2017,Xerox 1997,12.96
2017,Xerox 1999,12.96
2017,Xerox 210,12.96
2017,Xerox 213,12.96
2017,Xerox 230,12.96
2017,"Pressboard Data Binder, Crimson, 12"" X 8 1/2""",12.816
2017,Acco Expandable Hanging Binders,12.76
2017,Sterilite Show Offs Storage Containers,12.672
2017,Avery 502,12.6
2017,"Stacking Tray, Side-Loading, Legal, Smoke",12.544
2017,"Ampad Phone Message Book, Recycled, 400 Message Capacity, 5 ¾” x 11”",12.48
2017,Eldon Image Series Black Desk Accessories,12.42
2017,"Acco Pressboard Covers with Storage Hooks, 9 1/2"" x 11"", Executive Red",12.192
2017,"RSVP Cards & Envelopes, Blank White, 8-1/2"" X 11"", 24 Cards/25 Envelopes/Set",12.192
2017,Avery Reinforcements for Hole-Punch Pages,12.078
2017,Belkin iPhone and iPad Lightning Cable,11.992
2017,"Avery Framed View Binder, EZD Ring (Locking), Navy, 1 1/2""",11.976
2017,Xerox 1970,11.952
2017,Avery 490,11.84
2017,Pressboard Data Binders by Wilson Jones,11.748000000000001
2017,American Pencil,11.65
2017,"Black Print Carbonless 8 1/2"" x 8 1/4"" Rapid Memo Book",11.648
2017,"Master Caster Door Stop, Large Neon Orange",11.648
2017,Acme Stainless Steel Office Snips,11.632
2017,Xerox 1950,11.56
2017,Xerox 188,11.34
2017,Insertable Tab Post Binder Dividers,11.228
2017,Cardinal Hold-It CD Pocket,11.172
2017,Newell 314,11.16
2017,Convenience Packs of Business Envelopes,10.86
2017,Xerox 1954,10.56
2017,3-ring staple pack,10.528
2017,Newell 351,10.496
2017,Xerox 1894,10.368
2017,Xerox 1930,10.368
2017,GBC Wire Binding Combs,10.34
2017,Xerox 1971,10.272
2017,Avery Hidden Tab Dividers for Binding Systems,10.132
2017,Newell 3-Hole Punched Plastic Slotted Magazine Holders for Binders,10.054
2017,Crayola Colored Pencils,9.84
2017,Newell 342,9.84
2017,Avery 478,9.82
2017,Prestige Round Ring Binders,9.728
2017,"Adams Telephone Message Books, 5 1/4” x 11”",9.664
2017,"C-Line Peel & Stick Add-On Filing Pockets, 8-3/4 x 5-1/8, 10/Pack",9.555
2017,Self-Adhesive Removable Labels,9.45
2017,GBC Standard Plastic Binding Systems' Combs,9.42
2017,Wilson Jones Impact Binders,9.324
2017,Avery 498,9.248
2017,Avery 484,9.216
2017,"Ampad Poly Cover Wirebound Steno Book, 6"" x 9"" Assorted Colors, Gregg Ruled",9.08
2017,Zipper Ring Binder Pockets,9.048
2017,Wilson Jones Hanging Recycled Pressboard Data Binders,8.904
2017,Newell 311,8.84
2017,Newell 317,8.82
2017,Boston 16750 Black Compact Battery Pencil Sharpener,8.75
2017,Staple-on labels,8.67
2017,Newell 335,8.64
2017,Peel & Stick Add-On Corner Pockets,8.64
2017,"Acco PRESSTEX Data Binder with Storage Hooks, Dark Blue, 9 1/2"" X 11""",8.608
2017,Avery Printable Repositionable Plastic Tabs,8.6
2017,Xerox 1972,8.448
2017,Newell 344,8.34
2017,Stockwell Gold Paper Clips,8.096
2017,Computer Printout Index Tabs,8.064
2017,4009 Highlighters,8.04
2017,Sanford Pocket Accent Highlighters,8.0
2017,Xerox 1952,7.968
2017,Newell 329,7.872
2017,Permanent Self-Adhesive File Folder Labels for Typewriters by Universal,7.83
2017,Acme Kleen Earth Office Shears,7.76
2017,Avery Hi-Liter Pen Style Six-Color Fluorescent Set,7.7
2017,Storex Flexible Poly Binders with Double Pockets,7.656000000000001
2017,"Wirebound Message Books, Two 4 1/4"" x 5"" Forms per Page",7.61
2017,Bagged Rubber Bands,7.56
2017,Acco Suede Grain Vinyl Round Ring Binder,7.506
2017,ACCOHIDE Binder by Acco,7.434
2017,"Acco Pressboard Covers with Storage Hooks, 14 7/8"" x 11"", Executive Red",7.239
2017,Advantus T-Pin Paper Clips,7.216
2017,Wilson Jones Easy Flow II Sheet Lifters,7.2
2017,"Premium Writing Pencils, Soft, #2 by Central Association for the Blind",7.152
2017,Grip Seal Envelopes,7.072
2017,Dax Clear Box Frame,6.984
2017,"Eldon Regeneration Recycled Desk Accessories, Smoke",6.96
2017,"Acme Design Line 8"" Stainless Steel Bent Scissors w/Champagne Handles, 3-1/8"" Cut",6.84
2017,Sabrent 4-Port USB 2.0 Hub,6.79
2017,"Crayola Anti Dust Chalk, 12/Pack",6.552
2017,Xerox 1995,6.48
2017,Avery 509,6.264
2017,Kleencut Forged Office Shears by Acme United Corporation,6.24
2017,Smead Alpha-Z Color-Coded Second Alphabetical Labels and Starter Set,6.16
2017,Colored Push Pins,6.154
2017,"Acco Pressboard Covers with Storage Hooks, 14 7/8"" x 11"", Dark Blue",6.096
2017,Smead Alpha-Z Color-Coded Name Labels First Letter Starter Set,6.0
2017,Xerox 1983,5.98
2017,"Alliance Big Bands Rubber Bands, 12/Pack",5.94
2017,"Black Avery Memo-Size 3-Ring Binder, 5 1/2"" x 8 1/2""",5.872
2017,Avery 474,5.76
2017,G.E. Halogen Desk Lamp Bulbs,5.584
2017,"Binney & Smith inkTank Erasable Pocket Highlighter, Chisel Tip, Yellow",5.472
2017,Newell 307,5.46
2017,Avery Fluorescent Highlighter Four-Color Set,5.344
2017,Xerox 1968,5.344
2017,Xerox 4200 Series MultiUse Premium Copy Paper (20Lb. and 84 Bright),5.28
2017,Newell 337,5.248
2017,Xerox 231,5.184
2017,DIXON Oriole Pencils,5.16
2017,Letter Slitter,5.04
2017,Xerox 1949,4.98
2017,Avery 511,4.928
2017,Wilson Jones Custom Binder Spines & Labels,4.896
2017,Dixon Ticonderoga Pencils,4.768
2017,"While You Were Out Pads, 50 per Pad, 4 x 5 1/4, Green Cycle",4.73
2017,Xerox 1924,4.624
2017,Accohide Poly Flexible Ring Binders,4.488
2017,Newell 339,4.448
2017,"Avery Triangle Shaped Sheet Lifters, Black, 2/Pack",4.428
2017,"Sanford EarthWrite Recycled Pencils, Medium Soft, #2",4.2
2017,Acco Economy Flexible Poly Round Ring Binder,4.176
2017,12 Colored Short Pencils,4.16
2017,Eldon 100 Class Desk Accessories,4.044
2017,"Brites Rubber Bands, 1 1/2 oz. Box",3.96
2017,Faber Castell Col-Erase Pencils,3.912
2017,Avery 517,3.69
2017,Newell 322,3.64
2017,Assorted Color Push Pins,3.62
2017,Avery Durable Poly Binders,3.318
2017,Angle-D Ring Binders,3.282
2017,BIC Brite Liner Grip Highlighters,3.28
2017,Insertable Tab Indexes For Data Binders,3.1799999999999997
2017,Manco Dry-Lighter Erasable Highlighter,3.04
2017,Prang Dustless Chalk Sticks,3.024
2017,Avery 480,3.0
2017,Newell 32,2.88
2017,"Eldon Spacemaker Box, Quick-Snap Lid, Clear",2.672
2017,Acco 3-Hole Punch,2.628
2017,Avery 479,2.61
2017,"Acco Banker's Clasps, 5 3/4""-Long",2.304
2017,Maxell 4.7GB DVD+R 5/Pack,1.98
2017,Avery Durable Binders,1.728
2017,"OIC #2 Pencils, Medium Soft",1.504
2017,Newell 310,1.408
2018,Canon imageCLASS 2200 Advanced Copier,35699.898
2018,Martin Yale Chadless Opener Electric Letter Opener,11825.902
2018,GBC DocuBind TL300 Electric Binding System,10943.277999999998
2018,Hewlett Packard LaserJet 3310 Copier,9239.846
2018,Samsung Galaxy Mega 6.3,9239.779999999999
2018,Cubify CubeX 3D Printer Triple Head Print,7999.98
2018,Fellowes PB500 Electric Punch Plastic Comb Binding Machine with Manual Bind,7371.742
2018,HON 5400 Series Task Chairs for Big and Tall,7220.094
2018,GBC DocuBind P400 Electric Binding System,7077.148
2018,Lexmark MX611dhe Monochrome Laser Printer,5609.967000000001
2018,"3D Systems Cube Printer, 2nd Generation, Magenta",5199.96
2018,Fellowes PB300 Plastic Comb Binding Machine,5043.87
2018,Cubify CubeX 3D Printer Double Head Print,4799.984
2018,Canon Imageclass D680 Copier / Fax,4759.932000000001
2018,Adjustable Depth Letter/Legal Cart,4754.252
2018,Global Troy Executive Leather Low-Back Tilter,4659.114
2018,GBC DocuBind 300 Electric Binding Machine,4628.624
2018,Hon 4070 Series Pagoda Armless Upholstered Stacking Chairs,4346.777
2018,Samsung Galaxy S III - 16GB - pebble blue (T-Mobile),4129.882
2018,Tennsco Single-Tier Lockers,4053.672
2018,Canon Image Class D660 Copier,3959.9339999999997
2018,Tennsco 16-Compartment Lockers with Coat Rack,3887.34
2018,Chromcraft Bull-Nose Wood Oval Conference Tables & Bases,3636.468
2018,Canon PC1080F Personal Copier,3599.94
2018,Polycom CX600 IP Phone VoIP phone,3599.3999999999996
2018,GBC DocuBind TL200 Manual Binding Machine,3583.68
2018,Tennsco Double-Tier Lockers,3510.312
2018,"Global Adaptabilites Bookcase, Cherry/Storm Gray Finish",3447.84
2018,Hon 5100 Series Wood Tables,3433.564
2018,Hewlett-Packard Desktjet 6988DT Refurbished Printer,3404.5
2018,Logitech P710e Mobile Speakerphone,3398.868
2018,Bady BDG101FRU Card Printer,3359.958
2018,Sanyo 2.5 Cubic Foot Mid-Size Office Refrigerators,3357.72
2018,Polycom SoundPoint IP 450 VoIP phone,3342.728
2018,Global Commerce Series Low-Back Swivel/Tilt Chairs,3340.7400000000002
2018,Plantronics CS510 - Over-the-Head monaural Wireless Headset System,3299.5
2018,Wilson Electronics DB Pro Signal Booster,3293.6
2018,Bretford Rectangular Conference Table Tops,3253.5245
2018,Global Ergonomic Managers Chair,3130.9539999999997
2018,Samsung Galaxy S4 Mini,3101.934
2018,"Global Leather and Oak Executive Chair, Black",3069.996
2018,Google Nexus 5,3059.83
2018,Samsung Galaxy S4,3004.752
2018,Bush Advantage Collection Racetrack Conference Table,2969.4700000000003
2018,GE 30524EE4,2939.85
2018,Razer Tiamat Over Ear 7.1 Surround Sound PC Gaming Headset,2799.86
2018,Chromcraft Round Conference Tables,2788.6400000000003
2018,Balt Solid Wood Round Tables,2768.2380000000003
2018,Maxell iVDR EX 500GB Cartridge,2755.4
2018,"Office Impressions End Table, 20-1/2""H x 24""W x 20""D",2733.84
2018,3.6 Cubic Foot Counter Height Office Refrigerator,2710.504
2018,Letter Size Cart,2685.768
2018,Hon 94000 Series Round Tables,2665.62
2018,Polycom VoiceStation 500 Conference phone,2595.56
2018,Plantronics Savi W720 Multi-Device Wireless Headset System,2531.7
2018,GuestStacker Chair with Chrome Finish Legs,2527.9680000000003
2018,Hoover Shoulder Vac Commercial Portable Vacuum,2504.74
2018,Hon GuestStacker Chair,2493.37
2018,ClearOne CHATAttach 160 - speaker phone,2479.96
2018,DMI Arturo Collection Mission-style Design Wood Chair,2476.072
2018,Apple iPhone 5,2469.3540000000003
2018,Okidata MB491 Multifunction Printer,2395.2
2018,Global Commerce Series High-Back Swivel/Tilt Chairs,2365.334
2018,GBC DocuBind 200 Manual Binding Machine,2357.488
2018,"Lifetime Advantage Folding Chairs, 4/Carton",2355.264
2018,"Riverside Furniture Oval Coffee Table, Oval End Table, End Table with Drawer",2352.17
2018,Hon 4700 Series Mobuis Mid-Back Task Chairs with Adjustable Arms,2349.468
2018,"Chromcraft 48"" x 96"" Racetrack Double Pedestal Table",2340.672
2018,SAFCO Arco Folding Chair,2292.46
2018,Ibico Hi-Tech Manual Binding System,2287.425
2018,GBC ProClick 150 Presentation Binding System,2275.056
2018,O'Sullivan 4-Shelf Bookcase in Odessa Pine,2256.277
2018,Logitech diNovo Edge Keyboard,2249.91
2018,Deluxe Rollaway Locking File with Drawer,2245.7520000000004
2018,Ibico Ibimaster 300 Manual Binding System,2207.94
2018,"Acco 7-Outlet Masterpiece Power Center, Wihtout Fax/Phone Line Protection",2188.4399999999996
2018,Kensington 7 Outlet MasterPiece HOMEOFFICE Power Control Center,2176.592
2018,SAFCO Boltless Steel Shelving,2159.16
2018,WD My Passport Ultra 2TB Portable External Hard Drive,2142.0
2018,Logitech G19 Programmable Gaming Keyboard,2107.83
2018,Fellowes Stor/Drawer Steel Plus Storage Drawers,2099.46
2018,"Bevis Oval Conference Table, Walnut",2087.84
2018,Hon Multipurpose Stacking Arm Chairs,2079.36
2018,Luxo Professional Fluorescent Magnifier Lamp with Clamp-Mount Base,2056.432
2018,Hon Pagoda Stacking Chairs,2054.272
2018,Bretford CR4500 Series Slim Rectangular Table,2019.6180000000002
2018,Office Impressions Heavy Duty Welded Shelving & Multimedia Storage Drawers,2007.24
2018,Avanti 4.4 Cu. Ft. Refrigerator,1990.7800000000002
2018,"Bush Andora Bookcase, Maple/Graphite Gray Finish",1961.8365
2018,Wilson SignalBoost 841262 DB PRO Amplifier Kit,1943.73
2018,Samsung Galaxy Note 2,1931.958
2018,Iceberg Mobile Mega Data/Printer Cart,1925.28
2018,Honeywell Enviracaire Portable HEPA Air Cleaner for 17' x 22' Room,1924.16
2018,Ibico EPK-21 Electric Binding System,1889.99
2018,"Global Wood Trimmed Manager's Task Chair, Khaki",1865.0900000000001
2018,"Hon Deluxe Fabric Upholstered Stacking Chairs, Rounded Back",1854.248
2018,"Lesro Sheffield Collection Coffee Table, End Table, Center Table, Corner Table",1784.25
2018,"24 Capacity Maxi Data Binder Racks, Pearl",1768.62
2018,"Dual Level, Single-Width Filing Carts",1767.6840000000002
2018,Aastra 6757i CT Wireless VoIP phone,1723.52
2018,Imation Bio 2GB USB Flash Drive Imation Corp,1705.3400000000001
2018,Fellowes Powershred HS-440 4-Sheet High Security Shredder,1704.89
2018,Bretford “Just In Time” Height-Adjustable Multi-Task Work Tables,1669.6
2018,Toshiba IPT2010-SD IP Telephone,1667.8799999999999
2018,Logitech Z-906 Speaker sys - home theater - 5.1-CH,1649.95
2018,Mitel MiVoice 5330e IP Phone,1649.94
2018,"Atlantic Metals Mobile 5-Shelf Bookcases, Custom Colors",1649.3704
2018,"Sanyo Counter Height Refrigerator with Crisper, 3.6 Cubic Foot, Stainless Steel/Black",1640.7
2018,"Tenex 46"" x 60"" Computer Anti-Static Chairmat, Rectangular Shaped",1632.0919999999999
2018,Nortel Networks T7316 E Nt8 B27,1631.76
2018,O'Sullivan 2-Door Barrister Bookcase in Odessa Pine,1628.82
2018,Motorola L703CM,1622.2959999999998
2018,Standard Rollaway File with Lock,1621.71
2018,Fellowes Officeware Wire Shelving,1616.94
2018,"Bush Cubix Conference Tables, Fully Assembled",1616.86
2018,Global Comet Stacking Armless Chair,1614.87
2018,Global Executive Mid-Back Manager's Chair,1571.292
2018,Plantronics Calisto P620-M USB Wireless Speakerphone System,1567.92
2018,"Deflect-o RollaMat Studded, Beveled Mat for Medium Pile Carpeting",1549.4640000000002
2018,"Global Airflow Leather Mesh Back Chair, Black",1539.996
2018,Plantronics Audio 995 Wireless Stereo Headset,1539.3
2018,Bevis 36 x 72 Conference Tables,1518.778
2018,"Fellowes Mobile File Cart, Black",1517.192
2018,Avanti 1.7 Cu. Ft. Refrigerator,1514.7
2018,"Hon Practical Foundations 30 x 60 Training Table, Light Gray/Charcoal",1501.83
2018,"Riverside Palais Royal Lawyers Bookcase, Royale Cherry Finish",1497.666
2018,Imation Bio 8GB USB Flash Drive Imation Corp,1496.16
2018,BoxOffice By Design Rectangular and Half-Moon Meeting Room Tables,1487.5
2018,"Ativa D5772 2-Line 5.8GHz Digital Expandable Corded/Cordless Phone System with Answering & Caller ID/Call Waiting, Black/Silver",1484.91
2018,"Bevis Round Conference Table Top, X-Base",1470.1779999999999
2018,Aastra 57i VoIP phone,1454.49
2018,Polycom VVX 310 VoIP phone,1439.92
2018,"Chromcraft Bull-Nose Wood Round Conference Table Top, Wood Base",1437.81
2018,Office Star - Professional Matrix Back Chair with 2-to-1 Synchro Tilt and Mesh Fabric Seat,1403.92
2018,KI Adjustable-Height Table,1401.4740000000002
2018,Motorola Moto X,1359.96
2018,Fellowes Staxonsteel Drawer Files,1352.19
2018,Hon 2090 “Pillow Soft” Series Mid Back Swivel/Tilt Chairs,1348.704
2018,Safco Contoured Stacking Chairs,1335.04
2018,Logitech Wireless Headset h800,1319.868
2018,Nokia Lumia 925,1310.296
2018,Premier Electric Letter Opener,1274.46
2018,"Office Star - Contemporary Task Swivel chair with Loop Arms, Charcoal",1270.5059999999999
2018,Eldon Antistatic Chair Mats for Low to Medium Pile Carpets,1263.48
2018,Nortel Meridian M3904 Professional Digital phone,1262.718
2018,Hewlett Packard 310 Color Digital Copier,1259.958
2018,Apple iPhone 5S,1253.978
2018,Kensington 7 Outlet MasterPiece Power Center,1245.86
2018,"Situations Contoured Folding Chairs, 4/Set",1213.758
2018,Global Deluxe High-Back Manager's Chair,1201.116
2018,Sharp AL-1530CS Digital Copier,1199.976
2018,Xerox 1915,1195.29
2018,Jabra SPEAK 410 Multidevice Speakerphone,1194.742
2018,"Atlantic Metals Mobile 4-Shelf Bookcases, Custom Colors",1194.165
2018,"Global High-Back Leather Tilter, Burgundy",1180.704
2018,Pyle PMP37LED,1171.078
2018,GBC DocuBind P100 Manual Binding Machine,1161.86
2018,Office Star - Mid Back Dual function Ergonomic High Back Chair with 2-Way Adjustable Arms,1159.056
2018,Hoover Upright Vacuum With Dirt Cup,1158.12
2018,"Hot File 7-Pocket, Floor Stand",1142.208
2018,Office Star - Contemporary Swivel Chair with Padded Adjustable Arms and Flex Back,1141.938
2018,"Tennsco Stur-D-Stor Boltless Shelving, 5 Shelves, 24"" Deep, Sand",1136.604
2018,Global Leather Executive Chair,1123.168
2018,Geemarc AmpliPOWER60,1113.6
2018,Vtech CS6719,1113.484
2018,Jawbone MINI JAMBOX Wireless Bluetooth Speaker,1095.8400000000001
2018,"3M Polarizing Task Lamp with Clamp Arm, Light Gray",1095.84
2018,Hoover WindTunnel Plus Canister Vacuum,1089.75
2018,Global Super Steno Chair,1084.574
2018,"Bush Westfield Collection Bookcases, Fully Assembled",1074.4272
2018,"Global Fabric Manager's Chair, Dark Gray",1070.3880000000001
2018,Hon 2111 Invitation Series Straight Table,1064.376
2018,Fellowes High-Stak Drawer Files,1057.1399999999999
2018,"O'Sullivan Elevations Bookcase, Cherry Finish",1054.389
2018,"SAFCO PlanMaster Heigh-Adjustable Drafting Table Base, 43w x 30d x 30-37h, Black",1048.35
2018,Chromcraft Rectangular Conference Tables,1042.668
2018,"3D Systems Cube Printer, 2nd Generation, White",1039.992
2018,O'Sullivan Manor Hill 2-Door Library in Brianna Oak,1031.586
2018,Easy-staple paper,1026.076
2018,"Dot Matrix Printer Tape Reel Labels, White, 5000/Box",1022.424
2018,Fellowes PB200 Plastic Comb Binding Machine,1019.94
2018,"Trav-L-File Heavy-Duty Shuttle II, Black",1010.824
2018,Xerox 1908,1007.6399999999999
2018,Fellowes Bankers Box Staxonsteel Drawer File/Stacking System,1000.692
2018,Panasonic KX-TG9541B DECT 6.0 Digital 2-Line Expandable Cordless Phone With Digital Answering System,989.934
2018,Kensington Expert Mouse Optical USB Trackball for PC or Mac,987.896
2018,Office Star - Mesh Screen back chair with Vinyl seat,982.3499999999999
2018,Hon Every-Day Series Multi-Task Chairs,977.4960000000001
2018,Logitech G13 Programmable Gameboard with LCD Display,975.878
2018,Ibico EB-19 Dual Function Manual Binding System,968.744
2018,"SAFCO PlanMaster Boards, 60w x 37-1/2d, White Melamine",942.338
2018,Satellite Sectional Post Binders,941.9970000000001
2018,"Bevis Round Bullnose 29"" High Table Top",934.956
2018,"Bevis Traditional Conference Table Top, Plinth Base",933.408
2018,Hoover Commercial Lightweight Upright Vacuum with E-Z Empty Dirt Cup,930.32
2018,Canon PC-428 Personal Copier,919.954
2018,"1.7 Cubic Foot Compact ""Cube"" Office Refrigerators",915.904
2018,Compact Automatic Electric Letter Opener,906.756
2018,"Gould Plastics 18-Pocket Panel Bin, 34w x 5-1/4d x 20-1/2h",901.502
2018,Hewlett Packard 610 Color Digital Copier / Printer,899.982
2018,Sensible Storage WireTech Storage Systems,894.348
2018,ClearOne Communications CHAT 70 OC Speaker Phone,890.344
2018,"Bush Westfield Collection Bookcases, Medium Cherry Finish",887.6738
2018,Global Comet Stacking Arm Chair,887.271
2018,Sharp 1540cs Digital Laser Copier,879.984
2018,Logitech G700s Rechargeable Gaming Mouse,879.912
2018,Digium D40 VoIP phone,877.1320000000001
2018,Panasonic KX-TG9471B,862.356
2018,"Global Leather Task Chair, Black",854.905
2018,Hon Deluxe Fabric Upholstered Stacking Chairs,853.93
2018,"Tenex Traditional Chairmats for Medium Pile Carpet, Standard Lip, 36"" x 48""",849.1
2018,Xerox 1888,843.296
2018,Xerox 189,838.8
2018,Safco Industrial Wire Shelving System,837.016
2018,"Bush Birmingham Collection Bookcase, Dark Cherry",825.174
2018,Bevis 44 x 96 Conference Tables,823.6
2018,Bevis Round Conference Table Top & Single Column Base,819.5040000000001
2018,Global Deluxe Steno Chair,815.988
2018,Tennsco Regal Shelving Units,811.28
2018,Blue Parrot B250XT Professional Grade Wireless Bluetooth Headset with,809.892
2018,Carina Double Wide Media Storage Towers in Natural & Black,809.8
2018,Xerox 1919,803.404
2018,Executive Impressions Supervisor Wall Clock,799.8999999999999
2018,"GE 48"" Fluorescent Tube, Cool White Energy Saver, 34 Watts, 30/Box",793.84
2018,GBC DocuBind P50 Personal Binding Machine,793.352
2018,Global Low Back Tilter Chair,787.644
2018,"Atlantic Metals Mobile 3-Shelf Bookcases, Custom Colors",782.94
2018,"Hon Metal Bookcases, Putty",780.7800000000001
2018,Logitech Wireless Performance Mouse MX for PC and Mac,779.922
2018,Logitech Illuminated - Keyboard,779.87
2018,Hon Valutask Swivel Chairs,777.546
2018,"Carina Mini System Audio Rack, Model AR050B",776.86
2018,Nortel Meridian M5316 Digital phone,776.85
2018,Space Solutions Commercial Steel Shelving,775.8
2018,"Tenex ""The Solids"" Textured Chair Mats",769.56
2018,Xerox 1891,762.9960000000001
2018,"Plantronics CS 50-USB - headset - Convertible, Monaural",761.544
2018,GBC Ibimaster 500 Manual ProClick Binding System,760.98
2018,AT&T 841000 Phone,759.0
2018,Bush Advantage Collection Round Conference Table,744.1
2018,Tripp Lite Isotel 6 Outlet Surge Protector with Fax/Modem Protection,743.8340000000001
2018,Harbour Creations 67200 Series Stacking Chairs,740.272
2018,Multicolor Computer Printout Paper,733.95
2018,O'Sullivan Plantations 2-Door Library in Landvery Oak,731.5672
2018,"Eureka The Boss Lite 10-Amp Upright Vacuum, Blue",721.44
2018,Logitech G430 Surround Sound Gaming Headset with Dolby 7.1 Technology,719.91
2018,"Bush Andora Conference Table, Maple/Graphite Gray Finish",718.116
2018,GBC Recycled Regency Composition Covers,717.36
2018,Panasonic KX-TG6844B Expandable Digital Cordless Telephone,712.692
2018,"Sauder Mission Library with Doors, Fruitwood Finish",712.5312
2018,Imation Secure+ Hardware Encrypted USB 2.0 Flash Drive; 16GB,700.704
2018,Office Star Flex Back Scooter Chair with Aluminum Finish Frame,696.1410000000001
2018,Cisco CP-7937G Unified IP Conference Station Phone,695.7
2018,Plantronics S12 Corded Telephone Headset System,689.856
2018,Space Solutions HD Industrial Steel Shelving.,689.82
2018,Xerox 1917,684.74
2018,Hon Mobius Operator's Chair,664.146
2018,Xerox 1893,664.038
2018,Kensington 7 Outlet MasterPiece Power Center with Fax/Phone Line Protection,663.936
2018,"Bush Cubix Collection Bookcases, Fully Assembled",662.9399999999999
2018,Logitech Wireless Marathon Mouse M705,659.8679999999999
2018,SanDisk Cruzer 64 GB USB Flash Drive,653.76
2018,Epson TM-T88V Direct Thermal Printer - Monochrome - Desktop,652.995
2018,Okidata C610n Printer,649.0
2018,Belkin 8 Outlet SurgeMaster II Gold Surge Protector with Phone Protection,647.84
2018,iHome FM Clock Radio with Lightning Dock,643.9079999999999
2018,"Sauder Camden County Collection Libraries, Planked Cherry Finish",643.888
2018,"Eaton Premium Continuous-Feed Paper, 25% Cotton, Letter Size, White, 1000 Shts/Box",643.568
2018,Tripp Lite Isotel 8 Ultra 8 Outlet Metal Surge,638.73
2018,Green Bar Computer Printout Paper,637.5360000000001
2018,"Advantus 10-Drawer Portable Organizer, Chrome Metal Frame, Smoke Drawers",633.456
2018,APC 7 Outlet Network SurgeArrest Surge Protector,627.744
2018,LG G3,627.168
2018,Premier Automatic Letter Opener,624.962
2018,Belkin 5 Outlet SurgeMaster Power Centers,621.072
2018,O'Sullivan Living Dimensions 2-Shelf Bookcases,616.9979999999999
2018,"Belkin 325VA UPS Surge Protector, 6'",604.9
2018,Mitel 5320 IP Phone VoIP phone,604.768
2018,"Howard Miller 11-1/2"" Diameter Brentwood Wall Clock",603.8199999999999
2018,SAFCO Folding Chair Trolley,602.7280000000001
2018,Lexmark 20R1285 X6650 Wireless All-in-One Printer,600.0
2018,Swingline SM12-08 MicroCut Jam Free Shredder,599.985
2018,GBC VeloBinder Manual Binding System,597.434
2018,Hewlett-Packard Deskjet 5550 Printer,597.132
2018,Economy Rollaway Files,594.72
2018,Avaya 5420 Digital phone,593.956
2018,"Recycled Data-Pak for Archival Bound Computer Printouts, 12-1/2 x 12-1/2 x 16",592.74
2018,Microsoft Wireless Mobile Mouse 4000,591.852
2018,GBC Therma-A-Bind 250T Electric Binding System,590.352
2018,Carina Media Storage Towers in Natural & Black,585.408
2018,"Global Geo Office Task Chair, Gray",583.056
2018,Fellowes Super Stor/Drawer Files,581.58
2018,Xerox 1906,581.2159999999999
2018,Office Star - Ergonomic Mid Back Chair with 2-Way Adjustable Arms,579.136
2018,AT&T CL83451 4-Handset Telephone,576.772
2018,Bevis Boat-Shaped Conference Table,576.642
2018,DYMO CardScan Personal V9 Business Card Scanner,575.964
2018,Sony 64GB Class 10 Micro SDHC R40 Memory Card,575.84
2018,Global Enterprise Series Seating High-Back Swivel/Tilt Chairs,569.058
2018,Panasonic Business Telephones KX-T7736,546.06
2018,Plantronics Voyager Pro HD - Bluetooth Headset,545.916
2018,Hon 4-Shelf Metal Bookcases,545.292
2018,Kensington 4 Outlet MasterPiece Compact Power Control Center,536.712
2018,Motorola HK250 Universal Bluetooth Headset,533.368
2018,StarTech.com 10/100 VDSL2 Ethernet Extender Kit,532.72
2018,Fellowes 8 Outlet Superior Workstation Surge Protector w/o Phone/Fax/Modem Protection,531.196
2018,Tennsco 6- and 18-Compartment Lockers,530.34
2018,Razer Kraken PRO Over Ear PC and Music Headset,527.934
2018,Novimex Fabric Task Chair,524.428
2018,AT&T 1080 Corded phone,520.562
2018,Luxo Professional Magnifying Clamp-On Fluorescent Lamps,520.05
2018,Microsoft Sculpt Comfort Mouse,519.35
2018,Xerox 1945,516.474
2018,Recycled Steel Personal File for Hanging File Folders,515.0699999999999
2018,Hon Comfortask Task/Swivel Chairs,512.9100000000001
2018,GBC Twin Loop Wire Binding Elements,512.512
2018,BPI Conference Tables,511.175
2018,Novimex Turbo Task Chair,511.05600000000004
2018,Grandstream GXP1160 VoIP phone,507.994
2018,Socket Bluetooth Cordless Hand Scanner (CHS),506.28
2018,Xerox 1940,505.63200000000006
2018,Adtran 1202752G1,503.96
2018,BlackBerry Q10,503.96
2018,VTech DS6151,503.96
2018,"Padded Folding Chairs, Black, 4/Carton",502.076
2018,Bestar Classic Bookcase,499.95
2018,Cisco SPA301,499.168
2018,Belkin Premiere Surge Master II 8-outlet surge protector,495.51599999999996
2018,High-Back Leather Manager's Chair,493.962
2018,"Hunt PowerHouse Electric Pencil Sharpener, Blue",493.74
2018,Global Highback Leather Tilter in Burgundy,491.346
2018,Eureka The Boss Cordless Rechargeable Stick Vac,489.408
2018,Office Star - Contemporary Task Swivel Chair,488.312
2018,"Safco Value Mate Steel Bookcase, Baked Enamel Finish on Steel, Black",482.664
2018,Xerox 1885,480.4
2018,Brother DCP1000 Digital 3 in 1 Multifunction Machine,479.984
2018,Logitech G600 MMO Gaming Mouse,479.94
2018,Kensington Orbit Wireless Mobile Trackball for PC and Mac,479.92
2018,Global Deluxe Office Fabric Chairs,479.90000000000003
2018,"Electrix Architect's Clamp-On Swing Arm Lamp, Black",477.3
2018,Logitech G105 Gaming Keyboard,474.96000000000004
2018,"Belkin 19"" Vented Equipment Shelf, Black",473.616
2018,"Wilson Jones Ledger-Size, Piano-Hinge Binder, 2"", Blue",467.17199999999997
2018,Harbour Creations Steel Folding Chair,465.75
2018,Plantronics 81402,461.93
2018,Anker Ultrathin Bluetooth Wireless Keyboard Aluminum Cover with Stand,461.846
2018,KI Conference Tables,460.78499999999997
2018,Maxell 4.7GB DVD-R,459.75600000000003
2018,Logitech Desktop MK120 Mouse and keyboard Combo,458.08
2018,Jabra Supreme Plus Driver Edition Headset,455.96200000000005
2018,Imation Secure Drive + Hardware Encrypted USB flash drive - 16 GB,455.88
2018,Konftel 250 Conference phone - Charcoal black,455.712
2018,"TRENDnet 56K USB 2.0 Phone, Internet and Fax Modem",455.664
2018,"Carina 42""Hx23 3/4""W Media Storage Unit",453.48800000000006
2018,"Iceberg OfficeWorks 42"" Round Tables",452.94
2018,"Global Leather & Oak Executive Chair, Burgundy",452.67
2018,"HP Officejet Pro 8600 e-All-In-One Printer, Copier, Scanner, Fax",449.97
2018,Plantronics Audio 478 Stereo USB Headset,449.91
2018,Xerox 191,447.552
2018,Bush Mission Pointe Library,446.9008
2018,Bush Somerset Collection Bookcase,445.332
2018,Nortel Business Series Terminal T7208 Digital phone,444.768
2018,First Data FD10 PIN Pad,442.4
2018,"SAFCO Commercial Wire Shelving, Black",442.048
2018,Motorola L804,441.504
2018,Hunt Boston Vacuum Mount KS Pencil Sharpener,440.87399999999997
2018,Tops White Computer Printout Paper,440.19
2018,Wi-Ex zBoost YX540 Cellular Phone Signal Booster,437.85
2018,"Sauder Facets Collection Library, Sky Alder Finish",435.999
2018,Clarity 53712,435.534
2018,Global Deluxe High-Back Office Chair in Storm,435.168
2018,Vinyl Sectional Post Binders,433.55
2018,Fellowes Bases and Tops For Staxonsteel/High-Stak Systems,432.77
2018,Xerox 1909,432.632
2018,Cisco 8x8 Inc. 6753i IP Business Phone System,431.968
2018,Mophie Juice Pack Helium for iPhone,431.946
2018,"Avery 4027 File Folder Labels for Dot Matrix Printers, 5000 Labels per Box, White",427.42
2018,"File Shuttle II and Handi-File, Black",427.014
2018,Steel Personal Filing/Posting Tote,426.12
2018,Hon Olson Stacker Chairs,423.648
2018,Novimex Swivel Fabric Task Chair,422.74399999999997
2018,Fellowes Bankers Box Stor/Drawer Steel Plus,422.13599999999997
2018,Bionaire Personal Warm Mist Humidifier/Vaporizer,422.01
2018,Panasonic KX T7736-B Digital phone,419.85999999999996
2018,"Office Star - Contemporary Task Swivel chair with 2-way adjustable arms, Plum",419.136
2018,Safco Industrial Shelving,413.56
2018,"SAFCO Mobile Desk Side File, Wire Frame",410.496
2018,O'Sullivan 3-Shelf Heavy-Duty Bookcases,409.887
2018,"Howard Miller 14-1/2"" Diameter Chrome Round Wall Clock",409.216
2018,Luxo Professional Combination Clamp-On Lamps,409.2
2018,OtterBox Defender Series Case - Samsung Galaxy S4,407.86400000000003
2018,Jabra BIZ 2300 Duo QD Duo Corded Headset,406.368
2018,Tenex B1-RE Series Chair Mats for Low Pile Carpets,404.624
2018,"Lesro Round Back Collection Coffee Table, End Table",401.61
2018,DMI Eclipse Executive Suite Bookcases,400.784
2018,Logitech MX Performance Wireless Mouse,398.90000000000003
2018,Logitech ClearChat Comfort/USB Headset H390,398.344
2018,Novimex High-Tech Fabric Mesh Task Chair,397.488
2018,Panasonic KX TS3282B Corded phone,393.552
2018,Panasonic KX TS208W Corded phone,391.92
2018,"Fellowes Premier Superior Surge Suppressor, 10-Outlet, With Phone and Remote",391.36
2018,Binding Machine Supplies,390.878
2018,Enermax Aurora Lite Keyboard,390.75
2018,Premium Transparent Presentation Covers by GBC,390.228
2018,Logitech G35 7.1-Channel Surround Sound Headset,389.97
2018,Boston 1799 Powerhouse Electric Pencil Sharpener,389.70000000000005
2018,Electrix Halogen Magnifier Lamp,388.6
2018,Office Star Flex Back Scooter Chair with White Frame,388.43
2018,Cisco Desktop Collaboration Experience DX650 IP Video Phone,385.8
2018,Boston Heavy-Duty Trimline Electric Pencil Sharpeners,385.6
2018,Logitech Wireless Gaming Headset G930,383.976
2018,Safco Industrial Wire Shelving,383.96000000000004
2018,Cisco SPA 502G IP Phone,383.84
2018,Ricoh - Ink Collector Unit for GX3000 Series Printers,381.745
2018,Avery Arch Ring Binders,377.65
2018,"Eureka The Boss Plus 12-Amp Hard Box Upright Vacuum, Red",376.74
2018,"Global Value Steno Chair, Gray",376.58799999999997
2018,Sony Micro Vault Click 8 GB USB 2.0 Flash Drive,375.91999999999996
2018,Xerox 1934,369.46799999999996
2018,Safco Drafting Table,369.096
2018,Safco Steel Mobile File Cart,366.784
2018,"Tenex Contemporary Contur Chairmats for Low and Medium Pile Carpet, Computer, 39"" x 49""",365.602
2018,Imation 16GB Mini TravelDrive USB 2.0 Flash Drive,364.43
2018,"Howard Miller 13-3/4"" Diameter Brushed Chrome Round Wall Clock",362.25
2018,NETGEAR N750 Dual Band Wi-Fi Gigabit Router,360.0
2018,"Sauder Forest Hills Library, Woodland Oak Finish",359.499
2018,Bose SoundLink Bluetooth Speaker,358.2
2018,Logitech Gaming G510s - Keyboard,356.958
2018,Tripp Lite TLP810NET Broadband Surge for Modem/Fax,356.79
2018,"Leather Task Chair, Black",354.822
2018,Hypercom P1300 Pinpad,352.8
2018,Xerox 1916,352.36800000000005
2018,Boston 1645 Deluxe Heavier-Duty Electric Pencil Sharpener,351.84000000000003
2018,Eldon Radial Chair Mat for Low to Medium Pile Carpets,351.824
2018,I.R.I.S IRISCard Anywhere 5 Card Scanner,350.973
2018,Bevis Rectangular Conference Tables,350.352
2018,Logitech Media Keyboard K200,349.9
2018,GE 30522EE2,347.97
2018,Howard Miller Distant Time Traveler Alarm Clock,345.49199999999996
2018,Enermax Briskie RF Wireless Keyboard and Mouse Combo,344.782
2018,Riverside Furniture Stanwyck Manor Table Series,344.22
2018,Okidata B400 Printer,343.2
2018,Hon 61000 Series Interactive Training Tables,342.111
2018,Tenex Antistatic Computer Chair Mats,341.96
2018,Plantronics Encore H101 Dual Earpieces Headset,341.62
2018,"Global Armless Task Chair, Royal Blue",341.488
2018,Staple envelope,341.444
2018,Wasp CCD Handheld Bar Code Reader,336.51
2018,Xerox 1941,335.52
2018,Fellowes Recycled Storage Drawers,333.09
2018,Memorex Micro Travel Drive 16 GB,332.592
2018,Rush Hierlooms Collection Rich Wood Bookcases,328.3992
2018,"Atlantic Metals Mobile 2-Shelf Bookcases, Custom Colors",327.7328
2018,Dexim XPower Skin Super-Thin Power Case for iPhone 5 - Black,327.544
2018,14-7/8 x 11 Blue Bar Computer Printout Paper,326.672
2018,Multimedia Mailers,325.86
2018,O'Sullivan 2-Shelf Heavy-Duty Bookcases,325.486
2018,Motorla HX550 Universal Bluetooth Headset,324.31
2018,Belkin 8 Outlet SurgeMaster II Gold Surge Protector,323.892
2018,GBC Prestige Therm-A-Bind Covers,322.514
2018,Xerox 1939,322.49
2018,"Global Leather Highback Executive Chair with Pneumatic Height Adjustment, Black",321.568
2018,Logitech G602 Wireless Gaming Mouse,319.96
2018,Fellowes Superior 10 Outlet Split Surge Protector,319.704
2018,"Avery Trapezoid Ring Binder, 3"" Capacity, Black, 1040 sheets",319.644
2018,Memorex Mini Travel Drive 16 GB USB 2.0 Flash Drive,319.4
2018,Logitech Wireless Touch Keyboard K400,314.87399999999997
2018,Honeywell Quietcare HEPA Air Cleaner,314.6
2018,Ibico Plastic Spiral Binding Combs,313.12
2018,Fellowes Basic Home/Office Series Surge Protectors,311.52
2018,GBC ProClick Punch Binding System,307.104
2018,Staples in misc. colors,307.036
2018,Flat Face Poster Frame,305.20799999999997
2018,"Global Value Mid-Back Manager's Chair, Gray",304.45
2018,"Howard Miller 13-1/2"" Diameter Rosebrook Wall Clock",302.58799999999997
2018,GBC Premium Transparent Covers with Diagonal Lined Pattern,302.11199999999997
2018,Razer Kraken 7.1 Surround Sound Over Ear USB Gaming Headset,299.96999999999997
2018,Microsoft Natural Ergonomic Keyboard 4000,299.9
2018,SanDisk Ultra 64 GB MicroSDHC Class 10 Memory Card,295.926
2018,"Howard Miller 13"" Diameter Goldtone Round Wall Clock",291.028
2018,Global Chrome Stack Chair,287.952
2018,"White Dual Perf Computer Printout Paper, 2700 Sheets, 1 Part, Heavyweight, 20 lbs., 14 7/8 x 11",286.93
2018,Belkin 8 Outlet Surge Protector,286.86
2018,Polycom SoundPoint Pro SE-225 Corded phone,285.576
2018,Eldon Portable Mobile Manager,282.8
2018,Jabra SPEAK 410,281.97
2018,"Advantus Employee of the Month Certificate Frame, 11 x 13-1/2",278.37
2018,Home/Office Personal File Carts,278.08000000000004
2018,Belkin 8-Outlet Premiere SurgeMaster II Surge Protectors,277.92
2018,Xerox 1913,277.4
2018,Logitech 910-002974 M325 Wireless Mouse for Web Scrolling,275.908
2018,Xerox 1914,274.8
2018,Xerox 1942,274.06399999999996
2018,Tennsco Industrial Shelving,273.89599999999996
2018,Hon Rectangular Conference Tables,273.06
2018,Fellowes Command Center 5-outlet power strip,271.36
2018,Eldon Advantage Foldable Chair Mats for Low Pile Carpets,271.0
2018,"DataProducts Ampli Magnifier Task Lamp, Black,",270.6
2018,"GBC Velobind Prepunched Cover Sets, Regency Series",269.954
2018,"Sortfiler Multipurpose Personal File Organizer, Black",269.514
2018,Xerox 1937,269.024
2018,Airmail Envelopes,268.576
2018,Xerox 1938,268.24
2018,Tensor Track Tree Floor Lamp,267.866
2018,"Rubbermaid ClusterMat Chairmats, Mat Size- 66"" x 60"", Lip 20"" x 11"" -90 Degree Angle",266.352
2018,Panasonic KP-380BK Classic Electric Pencil Sharpener,266.252
2018,Tennsco Commercial Shelving,264.42
2018,"Companion Letter/Legal File, Black",264.32
2018,"Multi-Use Personal File Cart and Caster Set, Three Stacking Bins",264.176
2018,"Mini 13-1/2 Capacity Data Binder Rack, Pearl",261.74
2018,"Eldon Executive Woodline II Desk Accessories, Mahogany",261.352
2018,Xerox 1988,260.23199999999997
2018,Cisco IP Phone 7961G-GE VoIP phone,259.896
2018,Imation 8GB Mini TravelDrive USB 2.0 Flash Drive,259.634
2018,Office Star - Ergonomically Designed Knee Chair,259.136
2018,"Sauder Forest Hills Library with Doors, Woodland Oak Finish",257.568
2018,Sony Micro Vault Click 16 GB USB 2.0 Flash Drive,257.554
2018,Eldon Gobal File Keepers,257.38
2018,12-1/2 Diameter Round Wall Clock,255.744
2018,"Global Stack Chair without Arms, Black",254.604
2018,Avery 505,254.56
2018,Hon Every-Day Chair Series Swivel Task Chairs,254.058
2018,Memorex Froggy Flash Drive 8 GB,252.05
2018,"Tyvek  Top-Opening Peel & Seel  Envelopes, Gray",251.58
2018,Belkin F9M820V08 8 Outlet Surge,249.284
2018,Jensen SMPS-640 - speaker phone,248.292
2018,Panasonic KX - TS880B Telephone,247.32
2018,Bulldog Vacuum Base Pencil Sharpener,246.994
2018,Maxell LTO Ultrium - 800 GB,246.31199999999998
2018,Prismacolor Color Pencil Set,246.01600000000002
2018,"Neat Ideas Personal Hanging Folder Files, Black",244.426
2018,Wilson Jones Heavy-Duty Casebound Ring Binders with Metal Hinges,242.48
2018,"Sauder Camden County Barrister Bookcase, Planked Cherry Finish",241.96
2018,GBC Recycled Grain Textured Covers,241.78
2018,Lexmark MarkNet N8150 Wireless Print Server,241.17
2018,Wilson Jones Century Plastic Molded Ring Binders,240.932
2018,HTC One,239.976
2018,Case Logic 2.4GHz Wireless Keyboard,239.952
2018,"Bush Heritage Pine Collection 5-Shelf Bookcase, Albany Pine Finish, *Special Order",239.666
2018,SanDisk Ultra 32 GB MicroSDHC Class 10 Memory Card,238.68
2018,V7 USB Numeric Keypad,237.93200000000002
2018,Cisco SPA508G,237.564
2018,"Belkin 19"" Center-Weighted Shelf, Gray",235.92
2018,Balt Split Level Computer Training Table,235.875
2018,Staples,234.456
2018,Ibico Recycled Linen-Style Covers,234.36
2018,"SimpliFile Personal File, Black Granite, 15w x 6-15/16d x 11-1/4h",233.81
2018,"Iceberg Nesting Folding Chair, 19w x 6d x 43h",232.88
2018,Bevis Steel Folding Chairs,230.28
2018,"Global Task Chair, Black",229.005
2018,"Acme 10"" Easy Grip Assistive Scissors",227.89
2018,"Conquest 14 Commercial Heavy-Duty Upright Vacuum, Collection System, Accessory Kit",227.84
2018,Memorex Micro Travel Drive 32 GB,226.362
2018,Hon Olson Stacker Stools,225.296
2018,iOttie XL Car Mount,223.88799999999998
2018,Xerox 197,223.056
2018,"Boston School Pro Electric Pencil Sharpener, 1670",223.05599999999998
2018,Nu-Dell Executive Frame,222.464
2018,"Safco Wire Cube Shelving System, For Use as 4 or 5 14"" Cubes, Black",222.46
2018,Letter Size File,222.32
2018,Recycled Steel Personal File for Standard File Folders,221.16
2018,Sauder Barrister Bookcases,220.2656
2018,Cisco SPA112 2 Port Phone Adapter,219.8
2018,Logitech K350 2.4Ghz Wireless Keyboard,218.988
2018,Staple holder,217.116
2018,Logitech Mobile Speakerphone P710e - speaker phone,215.968
2018,Griffin GC17055 Auxiliary Audio Cable,215.88
2018,Catalog Binders with Expanding Posts,215.296
2018,Logitech Wireless Headset H600 Over-The-Head Design,214.95
2018,Stanley Bostitch Contemporary Electric Pencil Sharpeners,213.94799999999998
2018,Imation 8gb Micro Traveldrive Usb 2.0 Flash Drive,213.0
2018,"Hon Metal Bookcases, Black",212.94
2018,"Logitech Wireless Boombox Speaker - portable - wireless, wired",212.8
2018,Xerox 1882,212.724
2018,DAX Natural Wood-Tone Poster Frame,211.84
2018,Canvas Sectional Post Binders,211.318
2018,Boston 16801 Nautilus Battery Pencil Sharpener,211.296
2018,Clearsounds A400,211.168
2018,Balt Solid Wood Rectangular Table,210.98
2018,Deflect-o DuraMat Antistatic Studded Beveled Mat for Medium Pile Carpeting,210.68
2018,Hon Racetrack Conference Tables,210.008
2018,"Maxell 74 Minute CDR, 10/Pack",209.292
2018,Tenex Chairmats For Use with Hard Floors,207.87199999999999
2018,Global Enterprise Series Seating Low-Back Swivel/Tilt Chairs,207.184
2018,"Logitech B530 USB Headset - headset - Full size, Binaural",207.144
2018,"Seth Thomas 12"" Clock w/ Goldtone Case",206.82
2018,invisibleSHIELD by ZAGG Smudge-Free Screen Protector,205.086
2018,Kensington 6 Outlet Guardian Standard Surge Protector,204.8
2018,Black & Decker Filter for Double Action Dustbuster Cordless Vac BLDV7210,204.716
2018,JBL Micro Wireless Portable Bluetooth Speaker,203.966
2018,Nu-Dell Leatherette Frames,203.62800000000001
2018,Kingston Digital DataTraveler 64GB USB 2.0,202.68
2018,Ooma Telo VoIP Home Phone System,201.584
2018,"Peel & Seel Recycled Catalog Envelopes, Brown",201.492
2018,"Wilson Jones Elliptical Ring 3 1/2"" Capacity Binders, 800 sheets",201.16000000000003
2018,GE DSL Phone Line Filter,199.95000000000002
2018,Sauder Cornerstone Collection Library,198.272
2018,Panasonic KP-310 Heavy-Duty Electric Pencil Sharpener,197.82
2018,Berol Giant Pencil Sharpener,197.084
2018,"Avery Flip-Chart Easel Binder, Black",196.94400000000002
2018,"Howard Miller 12"" Round Wall Clock",196.45
2018,Tuf-Vin Binders,195.796
2018,"Career Cubicle Clock, 8 1/4"", Black",194.68800000000002
2018,"Maxell Pro 80 Minute CD-R, 10/Pack",192.28
2018,Xerox 1910,192.16
2018,Xerox 1982,191.856
2018,Jackery Bar Premium Fast-charging Portable Charger,191.68
2018,Computer Printout Paper with Letter-Trim Fine Perforations,191.6
2018,"Deflect-o EconoMat Studded, No Bevel Mat for Low Pile Carpeting",190.072
2018,Xerox 1883,189.93599999999998
2018,Harmony Air Purifier,189.0
2018,"Safco Chair Connectors, 6/Carton",188.552
2018,Anker 36W 4-Port USB Wall Charger Travel Power Adapter for iPhone 5s 5c 5,187.906
2018,Logitech LS21 Speaker System - PC Multimedia - 2.1-CH - Wired,187.906
2018,Eldon Wave Desk Accessories,185.296
2018,"Performers Binder/Pad Holder, Black",184.99800000000002
2018,Xerox 1935,184.66
2018,Xerox 1884,183.816
2018,"Tyvek Interoffice Envelopes, 9 1/2"" x 12 1/2"", 100/Box",182.94
2018,Sterilite Officeware Hinged File Box,182.352
2018,"BOSTON Ranger #55 Pencil Sharpener, Black",181.93
2018,GBC Durable Plastic Covers,181.89
2018,Tyvek Side-Opening Peel & Seel Expanding Envelopes,180.96
2018,"Fellowes Smart Surge Ten-Outlet Protector, Platinum",180.66
2018,Xerox 19,179.684
2018,Adjustable Personal File Tote,179.08
2018,Peel-Off China Markers,178.74
2018,Strathmore Photo Mount Cards,177.636
2018,Avery 475,177.6
2018,Acco Smartsocket Color-Coded Six-Outlet AC Adapter Model Surge Protectors,176.04
2018,Logitech M510 Wireless Mouse,175.95600000000002
2018,OtterBox Commuter Series Case - iPhone 5 & 5s,175.92
2018,Rogers Deluxe File Chest,175.84
2018,"Dixon Ticonderoga Core-Lock Colored Pencils, 48-Color Set",175.44
2018,"Perixx PERIBOARD-512B, Ergonomic Split Keyboard",174.95
2018,Nokia Lumia 521 (T-Mobile),173.942
2018,Kensington K72356US Mouse-in-a-Box USB Desktop Mouse,172.536
2018,"Howard Miller 13"" Diameter Pewter Finish Round Wall Clock",171.76
2018,GBC VeloBind Cover Sets,171.384
2018,"Green Canvas Binder for 8-1/2"" x 14"" Sheets",171.2
2018,Lock-Up Easel 'Spel-Binder',171.17999999999998
2018,GBC VeloBinder Electric Binding Machine,169.372
2018,Mobile Personal File Cube,168.624
2018,Hoover Commercial SteamVac,168.392
2018,netTALK DUO VoIP Telephone Service,167.968
2018,Ames Color-File Green Diamond Border X-ray Mailers,167.96
2018,Magnifier Swing Arm Lamp,167.84
2018,"Avery Address/Shipping Labels for Typewriters, 4"" x 2""",167.67
2018,Spigen Samsung Galaxy S5 Case Wallet,166.502
2018,WD My Passport Ultra 1TB Portable External Hard Drive,165.60000000000002
2018,9-3/4 Diameter Round Wall Clock,165.48
2018,KeyTronic 6101 Series - Keyboard - Black,163.96
2018,Tensor Computer Mounted Lamp,163.79000000000002
2018,Office Star - Task Chair with Contemporary Loop Arms,163.764
2018,Plantronics MX500i Earset,163.20999999999998
2018,"Memorex 25GB 6X Branded Blu-Ray Recordable Disc, 15/Pack",163.104
2018,"Contract Clock, 14"", Brown",162.652
2018,Innergie mMini Combo Duo USB Travel Charging Kit,161.964
2018,Logitech Trackman Marble Mouse,161.946
2018,Acco 6 Outlet Guardian Premium Plus Surge Suppressor,161.216
2018,Kingston Digital DataTraveler 16GB USB 2.0,161.1
2018,RCA Visys Integrated PBX 8-Line Router,160.776
2018,Xerox 1968,160.32
2018,NETGEAR AC1750 Dual Band Gigabit Smart WiFi Router,159.99
2018,"Memorex 25GB 6X Branded Blu-Ray Recordable Disc, 30/Pack",159.75
2018,"Rediform S.O.S. 1-Up Phone Message Bk, 4-1/4x3-1/16 Bk, 1 Form/Pg, 40 Messages/Bk, 3/Pk",159.46
2018,Samsung Rugby III,158.376
2018,Safco Commercial Shelving,158.134
2018,SanDisk Cruzer 32 GB USB Flash Drive,155.964
2018,3M Office Air Cleaner,155.88
2018,X-Rack File for Hanging Folders,155.802
2018,Cisco SPA525G2 IP Phone - Wireless,155.61
2018,"Deflect-o EconoMat Nonstudded, No Bevel Mat",154.95
2018,"Decoflex Hanging Personal Folder File, Blue",154.2
2018,Eldon Fold 'N Roll Cart System,153.78
2018,"Global Deluxe Stacking Chair, Gray",152.94
2018,"Acco Flexible ACCOHIDE Square Ring Data Binder, Dark Blue, 11 1/2"" X 14"" 7/8""",152.93800000000002
2018,"Belkin SportFit Armband For iPhone 5s/5c, Fuchsia",152.898
2018,Kingston Digital DataTraveler 32GB USB 2.0,152.55
2018,"Holmes Replacement Filter for HEPA Air Cleaner, Very Large Room, HEPA Filter",151.382
2018,AT&T CL2909,151.188
2018,"Tennsco Lockers, Sand",151.056
2018,Newell 34,150.784
2018,Recycled Easel Ring Binders,150.692
2018,Iris Project Case,148.428
2018,Electrix Fluorescent Magnifier Lamps & Weighted Base,148.02
2018,Acme Galleria Hot Forged Steel Scissors with Colored Handles,147.862
2018,Panasonic Kx-TS550,147.168
2018,Tops Green Bar Computer Printout Paper,146.82
2018,Xerox 1890,146.82
2018,"Seth Thomas 14"" Putty-Colored Wall Clock",146.7
2018,"Linden 10"" Round Wall Clock, Black",146.688
2018,Sony 32GB Class 10 Micro SDHC R40 Memory Card,146.65
2018,"Deflect-o SuperTray Unbreakable Stackable Tray, Letter, Black",145.9
2018,Avery 473,144.9
2018,SAFCO Optional Arm Kit for Workspace Cribbage Stacking Chair,143.856
2018,Eldon Shelf Savers Cubes and Bins,143.788
2018,Xerox 1886,143.7
2018,Xerox 1911,143.7
2018,First Data TMFD35 PIN Pad,142.8
2018,36X48 HARDFLOOR CHAIRMAT,142.664
2018,"Metal Folding Chairs, Beige, 4/Carton",142.548
2018,Storex Dura Pro Binders,141.966
2018,"Tenex Carpeted, Granite-Look or Clear Contemporary Contour Shape Chair Mats",141.42
2018,Wilson Jones Legal Size Ring Binders,140.736
2018,Samsung HM1900 Bluetooth Headset,140.48
2018,Clear Mylar Reinforcing Strips,140.175
2018,Anker Astro 15000mAh USB Portable Charger,139.972
2018,"Premium Transparent Presentation Covers, No Pattern/Clear, 8 1/2"" x 11""",139.608
2018,Luxo Economy Swing Arm Lamp,139.58
2018,Staple-based wall hangings,138.92
2018,"Letter/Legal File Tote with Clear Snap-On Lid, Black Granite",138.11599999999999
2018,Belkin F8E887 USB Wired Ergonomic Keyboard,137.954
2018,i.Sound Portable Power - 8000 mAh,137.774
2018,DAX Two-Tone Silver Metal Document Frame,137.632
2018,DAX Wood Document Frame,137.3
2018,Xerox 1951,136.312
2018,PayAnywhere Card Reader,135.864
2018,"Tennsco Lockers, Gray",134.272
2018,"Iris 3-Drawer Stacking Bin, Black",133.696
2018,"DAX Two-Tone Rosewood/Black Document Frame, Desktop, 5 x 7",132.72
2018,Hanging Personal Folder File,131.88
2018,I Need's 3d Hello Kitty Hybrid Silicone Case Cover for HTC One X 4g with 3d Hello Kitty Stylus Pen Green/pink,131.56
2018,Hewlett-Packard 300S Scientific Calculator,131.1
2018,Fellowes Binding Cases,131.04000000000002
2018,"Premier Elliptical Ring Binder, Black",130.892
2018,Personal File Boxes with Fold-Down Carry Handle,130.872
2018,"Wirebound Message Book, 4 per Page",130.32
2018,Eldon Advantage Chair Mats for Low to Medium Pile Carpets,129.93
2018,"Computer Room Manger, 14""",129.92000000000002
2018,"Seth Thomas 16"" Steel Case Clock",129.92
2018,Memorex Mini Travel Drive 8 GB USB 2.0 Flash Drive,129.696
2018,"Eldon Delta Triangular Chair Mat, 52"" x 58"", Clear",128.962
2018,"Tenex Traditional Chairmats for Hard Floors, Average Lip, 36"" x 48""",128.9
2018,"Deflect-o DuraMat Lighweight, Studded, Beveled Mat for Low Pile Carpeting",127.95
2018,DAX Wood Document Frame.,126.316
2018,"Square Credit Card Reader, 4 1/2"" x 4 1/2"" x 1"", White",125.874
2018,Fellowes 8 Outlet Superior Workstation Surge Protector,125.13
2018,LG Exalt,124.792
2018,Large Capacity Hanging Post Binders,124.75
2018,"Holmes Replacement Filter for HEPA Air Cleaner, Medium Room",124.63
2018,"GBC Prepunched Paper, 19-Hole, for Binding Systems, 24-lb",124.583
2018,Deflect-o Glass Clear Studded Chair Mats,124.36
2018,Alphabetical Labels for Top Tab Filing,124.32000000000001
2018,"IBM Multi-Purpose Copy Paper, 8 1/2 x 11"", Case",123.92
2018,"Square Ring Data Binders, Rigid 75 Pt. Covers, 11"" x 14-7/8""",123.84
2018,Xerox 1991,123.336
2018,Hand-Finished Solid Wood Document Frame,123.228
2018,Xerox 1905,123.12
2018,Newell 345,123.00800000000001
2018,Euro Pro Shark Stick Mini Vacuum,121.96000000000001
2018,Xerox 1887,121.40799999999999
2018,"Barricks 18"" x 48"" Non-Folding Utility Table with Bottom Storage Shelf",120.96
2018,"Howard Miller 11-1/2"" Diameter Grantwood Wall Clock",120.76400000000001
2018,Advantus Rolling Storage Box,120.05000000000001
2018,PureGear Roll-On Screen Protector,119.94
2018,iOttie HLCRIO102 Car Mount,119.94
2018,"Bush Saratoga Collection 5-Shelf Bookcase, Hanover Cherry, *Special Order",119.833
2018,"Adams Telephone Message Book w/Frequently-Called Numbers Space, 400 Messages per Book",119.7
2018,Memorex Micro Travel Drive 8 GB,119.6
2018,LG Electronics Tone+ HBS-730 Bluetooth Headset,119.02
2018,Acco Perma 2700 Stacking Storage Drawers,118.96000000000001
2018,Xerox 4200 Series MultiUse Premium Copy Paper (20Lb. and 84 Bright),118.272
2018,Boston Home & Office Model 2000 Electric Pencil Sharpeners,118.25
2018,Eldon Mobile Mega Data Cart  Mega Stackable  Add-On Trays,118.25
2018,Xerox 1996,117.936
2018,"Eldon 400 Class Desk Accessories, Black Carbon",117.25
2018,White Computer Printout Paper by Universal,116.28
2018,"Verbatim 25 GB 6x Blu-ray Single Layer Recordable Disc, 10/Pack",115.9
2018,Jet-Pak Recycled Peel 'N' Seal Padded Mailers,114.848
2018,Xerox 230,114.048
2018,Poly Designer Cover & Back,113.94
2018,"Tenex V2T-RE Standard Weight Series Chair Mat, 45"" x 53"", Lip 25"" x 12""",113.568
2018,Imation Clip USB flash drive - 8 GB,112.8
2018,"Executive Impressions 14"" Contract Wall Clock",111.15
2018,"Vinyl Coated Wire Paper Clips in Organizer Box, 800/Box",110.208
2018,"Adams Telephone Message Book W/Dividers/Space For Phone Numbers, 5 1/4""X8 1/2"", 200/Messages",110.192
2018,"C-Line Cubicle Keepers Polyproplyene Holder w/Velcro Back, 8-1/2x11, 25/Bx",109.48
2018,Avery Metallic Poly Binders,109.44300000000001
2018,Avery Recycled Flexi-View Covers for Binding Systems,109.004
2018,"Tenex File Box, Personal Filing Tote with Lid, Black",108.57
2018,"Acco Data Flex Cable Posts For Top & Bottom Load Binders, 6"" Capacity",108.472
2018,KeyTronic E03601U1 - Keyboard - Beige,108.0
2018,GBC Standard Therm-A-Bind Covers,107.156
2018,"GBC White Gloss Covers, Plain Front",107.15199999999999
2018,Aluminum Screw Posts,106.82000000000001
2018,Staple remover,105.824
2018,AT&T SB67148 SynJ,105.584
2018,"Recycled Interoffice Envelopes with String and Button Closure, 10 x 13",105.556
2018,Avery Printable Repositionable Plastic Tabs,104.92
2018,Plantronics Cordless Phone Headset with In-line Volume - M214C,104.85
2018,Quality Park Security Envelopes,104.68
2018,Newell 309,103.95
2018,Surelock Post Binders,103.904
2018,GBC Imprintable Covers,103.212
2018,Sony 16GB Class 10 Micro SDHC R40 Memory Card,103.12
2018,DXL Angle-View Binders with Locking Rings by Samsill,102.543
2018,Newell 312,101.616
2018,"Executive Impressions 13"" Chairman Wall Clock",101.52
2018,"Tenex Personal Self-Stacking Standard File Box, Black/Gray",101.46
2018,BIC Liqua Brite Liner,101.324
2018,Holmes Odor Grabber,100.94
2018,"#10- 4 1/8"" x 9 1/2"" Security-Tint Envelopes",100.848
2018,Avery Legal 4-Ring Binder,100.704
2018,Eldon ProFile File 'N Store Portable File Tub Letter/Legal Size Black,100.412
2018,Southworth 25% Cotton Premium Laser Paper and Envelopes,99.9
2018,"XtraLife ClearVue Slant-D Ring Binder, White, 3""",99.824
2018,"Acco Smartsocket Table Surge Protector, 6 Color-Coded Adapter Outlets",99.28
2018,Seidio BD2-HK3IPH5-BK DILEX Case and Holster Combo for Apple iPhone 5/5s - Black,99.232
2018,Newell 334,99.2
2018,Xerox 1943,97.82
2018,Xerox 209,97.2
2018,GBC Instant Report Kit,97.05000000000001
2018,Eldon Simplefile Box Office,97.03200000000001
2018,"REDIFORM Incoming/Outgoing Call Register, 11"" X 8 1/2"", 100 Messages",96.744
2018,Deluxe Heavy-Duty Vinyl Round Ring Binder,96.264
2018,Logitech Wireless Anywhere Mouse MX for PC and Mac,95.984
2018,"Westinghouse Floor Lamp with Metal Mesh Shade, Black",95.96
2018,Xerox 1930,95.904
2018,Xerox 1936,95.904
2018,Xerox 203,95.904
2018,"Executive Impressions 14"" Two-Color Numerals Wall Clock",95.42399999999999
2018,Advantus Plastic Paper Clips,94.0
2018,"Eldon Expressions Punched Metal & Wood Desk Accessories, Black & Cherry",93.8
2018,Cardinal EasyOpen D-Ring Binders,93.22800000000001
2018,Xerox 1960,92.94
2018,"Verbatim 25 GB 6x Blu-ray Single Layer Recordable Disc, 25/Pack",91.96
2018,Personal Creations Ink Jet Cards and Labels,91.84
2018,Xerox 1955,91.36
2018,"Xerox Color Copier Paper, 11"" x 17"", Ream",91.36
2018,Dixon Ticonderoga Core-Lock Colored Pencils,91.1
2018,Gear Head AU3700S Headset,90.93
2018,AT&T 17929 Lendline Telephone,90.48
2018,Martin-Yale Premier Letter Opener,90.16000000000001
2018,"Sanford Prismacolor Professional Thick Lead Art Pencils, 36-Color Set",89.856
2018,"Adams Phone Message Book, 200 Message Capacity, 8 1/16” x 11”",89.44
2018,Xerox 220,89.424
2018,"#10- 4 1/8"" x 9 1/2"" Recycled Envelopes",89.14800000000001
2018,SanDisk Ultra 16 GB MicroSDHC Class 10 Memory Card,88.332
2018,"Avery Trapezoid Extra Heavy Duty 4"" Binders",88.074
2018,"DAX Executive Solid Wood Document Frame, Desktop or Hang, Mahogany, 5 x 7",88.06
2018,"Eldon 200 Class Desk Accessories, Smoke",87.92
2018,Standard Line “While You Were Out” Hardbound Telephone Message Book,87.92
2018,"Eberhard Faber 3 1/2"" Golf Pencils",87.792
2018,"TOPS Carbonless Receipt Book, Four 2-3/4 x 7-1/4 Money Receipts per Page",87.6
2018,Acme Forged Steel Scissors with Black Enamel Handles,87.51400000000001
2018,"Ampad Phone Message Book, Recycled, 400 Message Capacity, 5 ¾” x 11”",87.36
2018,Holmes HEPA Air Purifier,87.12
2018,"Tyvek  Top-Opening Peel & Seel Envelopes, Plain White",86.976
2018,AT&T CL82213,86.97
2018,Xerox 1997,86.83200000000001
2018,Acme Tagit Stainless Steel Antibacterial Scissors,85.14
2018,O'Sullivan Cherrywood Estates Traditional Bookcase,84.98
2018,SANFORD Major Accent Highlighters,84.96000000000001
2018,"#10 White Business Envelopes,4 1/8 x 9 1/2",84.618
2018,Acco Perma 3000 Stacking Storage Drawers,83.91999999999999
2018,Xerox 1947,83.72
2018,Ibico Standard Transparent Covers,82.4
2018,"C-Line Magnetic Cubicle Keepers, Clear Polypropylene",82.004
2018,"Contico 72""H Heavy-Duty Storage System",81.96
2018,Xerox 1894,81.648
2018,Fellowes Mighty 8 Compact Surge Protector,81.08
2018,Advantus Panel Wall Certificate Holder - 8.5x11,80.52
2018,"Blue String-Tie & Button Interoffice Envelopes, 10 x 13",79.96
2018,Acco 3-Hole Punch,79.716
2018,Fellowes Advanced Computer Series Surge Protectors,79.47
2018,Xerox 188,79.38
2018,"Ultra Door Kickplate, 8""H x 34""W",79.12
2018,"Wilson Jones Clip & Carry Folder Binder Tool for Ring Binders, Clear",78.88
2018,Newell 347,78.75200000000001
2018,Avery 478,78.56
2018,Crate-A-Files,78.48
2018,Newell 325,78.47
2018,Tensor Brushed Steel Torchiere Floor Lamp,78.154
2018,Fellowes Neat Ideas Storage Cubes,77.952
2018,PowerGen Dual USB Car Charger,77.92200000000001
2018,Bulldog Table or Wall-Mount Pencil Sharpener,77.87
2018,"Floodlight Indoor Halogen Bulbs, 1 Bulb per Pack, 60 Watts",77.6
2018,Acco D-Ring Binder w/DublLock,76.96799999999999
2018,Fiskars Softgrip Scissors,76.86
2018,"White Business Envelopes with Contemporary Seam, Recycled White Business Envelopes",76.58
2018,"GBC Standard Recycled Report Covers, Clear Plastic Sheets",76.538
2018,"Cardinal Slant-D Ring Binder, Heavy Gauge Vinyl",76.472
2018,"LF Elite 3D Dazzle Designer Hard Case Cover, Lf Stylus Pen and Wiper For Apple Iphone 5c Mini Lite",76.30000000000001
2018,Avery 485,75.18
2018,Super Decoflex Portable Personal File,74.9
2018,Harmony HEPA Quiet Air Purifiers,74.88
2018,Lumber Crayons,74.86
2018,Cardinal Slant-D Ring Binders,74.734
2018,Xerox 1925,74.352
2018,Astroparche Fine Business Paper,73.92
2018,"Master Big Foot Doorstop, Beige",73.92
2018,Xerox 1933,73.68
2018,GBC Poly Designer Binding Covers,73.656
2018,"Avery Hi-Liter EverBold Pen Style Fluorescent Highlighters, 4/Pack",73.25999999999999
2018,DAX Clear Channel Poster Frame,72.9
2018,Acco 6 Outlet Guardian Premium Surge Suppressor,72.8
2018,Telescoping Adjustable Floor Lamp,71.964
2018,Model L Table or Wall-Mount Pencil Sharpener,71.96
2018,Belkin iPhone and iPad Lightning Cable,71.952
2018,"BOSTON Model 1800 Electric Pencil Sharpeners, Putty/Woodgrain",71.92
2018,Avery Non-Stick Binders,71.84
2018,Avery 48,71.82000000000001
2018,Dax Clear Box Frame,71.58600000000001
2018,Belkin F9S820V06 8 Outlet Surge,71.456
2018,Coloredge Poster Frame,71.0
2018,"Executive Impressions 12"" Wall Clock",70.68
2018,"Wirebound Message Books, Four 2 3/4 x 5 Forms per Page, 200 Sets per Book",70.596
2018,"Manila Recycled Extra-Heavyweight Clasp Envelopes, 6"" x 9""",70.272
2018,Cyber Acoustics AC-202b Speech Recognition Stereo Headset,70.146
2018,"Acme Hot Forged Carbon Steel Scissors with Nickel-Plated Handles, 3 7/8"" Cut, 8""L",69.5
2018,"Eldon 200 Class Desk Accessories, Burgundy",69.08
2018,Ibico Covers for Plastic or Wire Binding Elements,69.0
2018,Boston KS Multi-Size Manual Pencil Sharpener,68.97
2018,"Eldon Expressions Desk Accessory, Wood Photo Frame, Mahogany",68.544
2018,Fluorescent Highlighters by Dixon,68.456
2018,Xerox 1992,68.172
2018,QVS USB Car Charger 2-Port 2.1Amp for iPod/iPhone/iPad/iPad 2/iPad 3,68.11
2018,Panasonic KX TS3282W Corded phone,67.992
2018,"Tenex Personal Project File with Scoop Front Design, Black",67.4
2018,Xerox 231,67.392
2018,"Angle-D Binders with Locking Rings, Label Holders",67.16
2018,"iKross Bluetooth Portable Keyboard + Cell Phone Stand Holder + Brush for Apple iPhone 5S 5C 5, 4S 4",67.04
2018,Rogers Profile Extra Capacity Storage Tub,66.96
2018,Eldon Cleatmat Chair Mats for Medium Pile Carpets,66.6
2018,Avery Durable Poly Binders,66.36
2018,Eureka Sanitaire  Commercial Upright,66.284
2018,Xerox 225,66.096
2018,Eldon Executive Woodline II Cherry Finish Desk Accessories,65.424
2018,4009 Highlighters by Sanford,65.27199999999999
2018,"BIC Brite Liner Highlighters, Chisel Tip",64.80000000000001
2018,Xerox 23,64.8
2018,Things To Do Today Pad,64.57
2018,Avery Hole Reinforcements,64.169
2018,Boston 1730 StandUp Electric Pencil Sharpener,64.14
2018,Globe Weis Peel & Seel First Class Envelopes,63.9
2018,3M Organizer Strips,63.72
2018,Things To Do Today Spiral Book,63.36
2018,"Wirebound Message Books, 2 7/8"" x 5"", 3 Forms per Page",63.36
2018,"#10-4 1/8"" x 9 1/2"" Premium Diagonal Seam Envelopes",62.96
2018,Avery 519,62.866
2018,Artistic Insta-Plaque,62.72
2018,Round Specialty Laser Printer Labels,62.65
2018,"Post-it “Important Message” Note Pad, Neon Colors, 50 Sheets/Pad",62.608000000000004
2018,Xerox 1931,62.208
2018,"Personal Filing Tote with Lid, Black/Gray",62.04
2018,Advantus Rolling Drawer Organizers,61.568
2018,Cisco Small Business SPA 502G VoIP phone,61.542
2018,Xerox 1881,61.4
2018,Newell 314,61.38000000000001
2018,GBC Recycled VeloBinder Covers,61.343999999999994
2018,"Avery Durable Slant Ring Binders, No Labels",61.292
2018,Pressboard Hanging Data Binders for Unburst Sheets,61.007999999999996
2018,Ibico Plastic and Wire Spiral Binding Combs,60.696
2018,Sanford Liquid Accent Highlighters,60.12
2018,Micro Innovations Wireless Classic Keyboard with Mouse,59.98
2018,Anker Ultra-Slim Mini Bluetooth 3.0 Wireless Keyboard,59.97
2018,24-Hour Round Wall Clock,59.94
2018,"Eureka Sanitaire  Multi-Pro Heavy-Duty Upright, Disposable Bags",59.432
2018,"Acco Recycled 2"" Capacity Laser Printer Hanging Data Binders",59.245000000000005
2018,"Holmes Replacement Filter for HEPA Air Cleaner, Large Room",59.24
2018,Belkin 7-Outlet SurgeMaster Home Series,58.67399999999999
2018,Self-Adhesive Address Labels for Typewriters by Universal,58.48
2018,Xerox 214,58.32000000000001
2018,Weyerhaeuser First Choice Laser/Copy Paper (20Lb. and 88 Bright),58.32
2018,Eldon 200 Class Desk Accessories,57.775999999999996
2018,"Eldon Expressions Wood Desk Accessories, Oak",57.564
2018,Macally Suction Cup Mount,57.36
2018,Xerox 2,57.024
2018,Acme Preferred Stainless Steel Scissors,56.8
2018,Xerox 1880,56.704
2018,"DAX Metal Frame, Desktop, Stepped-Edge",56.672
2018,"Westinghouse Mesh Shade Clip-On Gooseneck Lamp, Black",56.56
2018,"TOPS Money Receipt Book, Consecutively Numbered in Red,",56.07
2018,ClearSounds CSC500 Amplified Spirit Phone Corded phone,55.992
2018,Apple EarPods with Remote and Mic,55.98
2018,"Pressboard Covers with Storage Hooks, 9 1/2"" x 11"", Light Blue",55.974000000000004
2018,Sony Micro Vault Click 4 GB USB 2.0 Flash Drive,55.76
2018,Xerox 227,55.728
2018,Security-Tint Envelopes,55.008
2018,Wilson Jones Leather-Like Binders with DublLock Round Rings,54.999
2018,"Mead 1st Gear 2"" Zipper Binder, Asst. Colors",54.474000000000004
2018,"Southworth 100% Résumé Paper, 24lb.",54.46
2018,Lenovo 17-Key USB Numeric Keypad,54.384
2018,"GBC Pre-Punched Binding Paper, Plastic, White, 8-1/2"" x 11""",54.366
2018,"Rogers Jumbo File, Granite",54.32
2018,Xerox 1895,53.82000000000001
2018,Self-Adhesive Removable Labels,53.55
2018,"Wirebound Message Books, Four 2 3/4 x 5 White Forms per Page",53.52
2018,File Shuttle I and Handi-File,53.424
2018,Xerox 221,53.135999999999996
2018,"Adams Telephone Message Book W/Dividers/Space For Phone Numbers, 5 1/4""X8 1/2"", 300/Messages",52.92
2018,Wilson Jones Four-Pocket Poly Binders,52.32
2018,"Advantus Push Pins, Aluminum Head",52.29
2018,Xerox 226,51.84
2018,"Acco Six-Outlet Power Strip, 4' Cord Length",51.72
2018,"Speediset Carbonless Redi-Letter 7"" x 8 1/2""",51.55
2018,"Quartet Omega Colored Chalk, 12/Pack",51.391999999999996
2018,Trimflex Flexible Post Binders,51.312
2018,Nu-Dell Oak Frame,51.264
2018,"ACCOHIDE 3-Ring Binder, Blue, 1""",51.212
2018,Xerox 1924,50.864000000000004
2018,"Telephone Message Books with Fax/Mobile Section, 5 1/2"" x 3 3/16""",50.8
2018,Avery 495,50.4
2018,Avery 518,50.4
2018,Micro Innovations USB RF Wireless Keyboard with Mouse,50.0
2018,2300 Heavy-Duty Transfer File Systems by Perma,49.96
2018,GBC Wire Binding Combs,49.632
2018,Xerox 1907,49.12
2018,Plymouth Boxed Rubber Bands by Plymouth,48.984
2018,Southworth 25% Cotton Linen-Finish Paper & Envelopes,48.924
2018,"Eldon Expressions Wood and Plastic Desk Accessories, Cherry Wood",48.86
2018,Wilson Jones Impact Binders,48.692
2018,Fashion Color Clasp Envelopes,48.69
2018,Avery 511,48.664
2018,Acme Elite Stainless Steel Scissors,48.372
2018,Storex DuraTech Recycled Plastic Frosted Binders,48.336
2018,"Wirebound Message Books, Four 2 3/4"" x 5"" Forms per Page, 600 Sets per Book",48.204
2018,Prestige Round Ring Binders,48.032
2018,Tenex Chairmats For Use With Carpeted Floors,47.94
2018,Xerox 1927,47.936
2018,Microsoft Natural Keyboard Elite,47.904
2018,"Acco Four Pocket Poly Ring Binder with Label Holder, Smoke, 1""",47.68
2018,DAX Black Cherry Wood-Tone Poster Frame,47.664
2018,"Acco Pressboard Covers with Storage Hooks, 14 7/8"" x 11"", Dark Blue",47.625
2018,Newell 319,47.616
2018,#6 3/4 Gummed Flap White Envelopes,47.519999999999996
2018,"Elite 5"" Scissors",47.32
2018,"Cardinal HOLDit! Binder Insert Strips,Extra Strips",46.842
2018,Xerox 1898,46.76
2018,Xerox 1998,46.656
2018,Decoflex Hanging Personal Folder File,46.26
2018,Deluxe Chalkboard Eraser Cleaner,46.2
2018,Avery File Folder Labels,46.08
2018,"Eldon Image Series Desk Accessories, Burgundy",45.98
2018,Eldon 500 Class Desk Accessories,45.866
2018,Ibico Presentation Index for Binding Systems,45.769999999999996
2018,Xerox 195,45.424
2018,Contemporary Wood/Metal Frame,45.248
2018,Belkin F9H710-06 7 Outlet SurgeMaster Surge Protector,45.216
2018,"Boston Electric Pencil Sharpener, Model 1818, Charcoal Black",45.04
2018,"Ink Jet Note and Greeting Cards, 8-1/2"" x 5-1/2"" Card Size",44.96
2018,"Recycled Desk Saver Line ""While You Were Out"" Book, 5 1/2"" X 4""",44.75
2018,GBC Instant Index System for Binding Systems,44.400000000000006
2018,Avery 490,44.4
2018,Xerox 194,44.384
2018,OtterBox Defender Series Case - iPhone 5c,44.376
2018,"Ampad Gold Fibre Wirebound Steno Books, 6"" x 9"", Gregg Ruled",44.1
2018,Xerox 1977,44.088
2018,Samsung Replacement EH64AVFWE Premium Headset,44.0
2018,Panasonic KP-4ABK Battery-Operated Pencil Sharpener,43.92
2018,Avery 500,43.86
2018,Newell 311,43.758
2018,Belkin 6 Outlet Metallic Surge Strip,43.56
2018,HP Standard 104 key PS/2 Keyboard,43.5
2018,Wilson Jones Turn Tabs Binder Tool for Ring Binders,43.38
2018,GBC Linen Binding Covers,43.372
2018,Desktop 3-Pocket Hot File,43.28
2018,"Universal Recycled Hanging Pressboard Report Binders, Letter Size",43.19
2018,Stackable Trays,43.12
2018,SpineVue Locking Slant-D Ring Binders by Cardinal,42.958
2018,"DAX Cubicle Frames, 8-1/2 x 11",42.85
2018,Xerox 201,42.768
2018,Xerox 213,42.768
2018,Laser & Ink Jet Business Envelopes,42.68
2018,Avery Durable Binders,42.624
2018,Zebra Zazzle Fluorescent Highlighters,42.56
2018,Acme Titanium Bonded Scissors,42.5
2018,Newell 318,42.256
2018,"Crayola Anti Dust Chalk, 12/Pack",42.224000000000004
2018,"6"" Cubicle Wall Clock, Black",42.068
2018,"Avery Framed View Binder, EZD Ring (Locking), Navy, 1 1/2""",41.916000000000004
2018,"Dixon Ticonderoga Erasable Colored Pencil Set, 12-Color",41.86
2018,Xerox 1966,41.472
2018,Xerox 1975,41.472
2018,Xerox 211,41.472
2018,"It's Hot Message Books with Stickers, 2 3/4"" x 5""",41.44
2018,Avery 503,41.4
2018,ACCOHIDE Binder by Acco,41.3
2018,"Wirebound Four 2-3/4 x 5 Forms per Page, 400 Sets per Book",41.28
2018,Acco Translucent Poly Ring Binders,41.184
2018,Newell 336,41.088
2018,Avery 517,40.59
2018,Boston 19500 Mighty Mite Electric Pencil Sharpener,40.3
2018,Fellowes Desktop Hanging File Manager,40.29
2018,Xerox 222,40.176
2018,Kensington SlimBlade Notebook Wireless Mouse with Nano Receiver,39.992
2018,OtterBox Commuter Series Case - Samsung Galaxy S4,39.984
2018,Xerox 1948,39.96
2018,JM Magazine Binder,39.624
2018,"GBC Twin Loop Wire Binding Elements, 9/16"" Spine, Black",39.572
2018,Avery 486,39.474000000000004
2018,Recycled Eldon Regeneration Jumbo File,39.296
2018,DAX Solid Wood Frames,39.08
2018,Acme Softgrip Scissors,39.072
2018,BIC Brite Liner Highlighters,38.916
2018,Xerox 212,38.88
2018,"TOPS ""Important Message"" Pads, Canary, 4-1/4 x 5-1/2, 50 Sheets per Pad",38.52
2018,Newell 350,38.048
2018,Computer Printout Paper with Letter-Trim Perforations,37.94
2018,Xerox 1912,37.94
2018,Fellowes Black Plastic Comb Bindings,37.765
2018,Col-Erase Pencils with Erasers,37.696
2018,"Acco PRESSTEX Data Binder with Storage Hooks, Dark Blue, 14 7/8"" X 11""",37.66
2018,Spiral Phone Message Books with Labels by Adams,37.632000000000005
2018,Avery 50,37.59
2018,OIC Stacking Trays,37.408
2018,HP Office Recycled Paper (20Lb. and 87 Bright),36.992000000000004
2018,Sterilite Show Offs Storage Containers,36.96
2018,"Rediform Wirebound ""Phone Memo"" Message Book, 11 x 5-3/4",36.672
2018,"Eldon Stackable Tray, Side-Load, Legal, Smoke",36.56
2018,Xerox 216,36.288
2018,Xerox 22,36.288
2018,KeyTronic KT800P2 - Keyboard - Black,36.048
2018,"Wirebound Message Forms, Four 2 3/4 x 5 Forms per Page, Pink Paper",35.948
2018,Cardinal Holdit Business Card Pockets,35.856
2018,"OIC Colored Binder Clips, Assorted Sizes",35.8
2018,Plastic Stacking Crates & Casters,35.712
2018,"Master Caster Door Stop, Brown",35.56
2018,Belkin OmniView SE Rackmount Kit,35.48
2018,Zipper Ring Binder Pockets,35.256
2018,Anker 24W Portable Micro USB Car Charger,35.168
2018,"Dixon My First Ticonderoga Pencil, #2",35.1
2018,Bionaire 99.97% HEPA Air Cleaner,35.04
2018,Newell 328,35.04
2018,"Verbatim 25 GB 6x Blu-ray Single Layer Recordable Disc, 3/Pack",34.95
2018,Hoover Portapower Portable Vacuum,34.944
2018,Avery 499,34.86
2018,"Verbatim Slim CD and DVD Storage Cases, 50/Pack",34.62
2018,Newell 33,34.596000000000004
2018,Panasonic KP-350BK Electric Pencil Sharpener with Auto Stop,34.58
2018,Ibico Recycled Grain-Textured Covers,34.54
2018,"Fiskars 8"" Scissors, 2/Pack",34.48
2018,Acme Office Executive Series Stainless Steel Trimmers,34.28
2018,Xerox 1962,34.24
2018,Xerox 1980,34.24
2018,3M Hangers With Command Adhesive,34.04
2018,Heavy-Duty E-Z-D Binders,33.821
2018,"DXL Angle-View Binders with Locking Rings, Black",33.544
2018,"Telephone Message Books with Fax/Mobile Section, 4 1/4"" x 6""",33.120000000000005
2018,"Message Book, Wirebound, Four 5 1/2"" X 4"" Forms/Pg., 200 Dupl. Sets/Book",32.896
2018,Dana Halogen Swing-Arm Architect Lamp,32.776
2018,Sanford 52201 APSCO Electric Pencil Sharpener,32.776
2018,GBC Standard Plastic Binding Systems' Combs,32.656
2018,"Master Caster Door Stop, Gray",32.512
2018,Acco Perma 4000 Stacking Storage Drawers,32.48
2018,Colored Envelopes,32.472
2018,Xerox 217,32.400000000000006
2018,Xerox 1993,32.4
2018,Xerox 228,32.4
2018,Avery 474,32.256
2018,OIC Binder Clips,32.22
2018,"Fellowes Twister Kit, Gray/Clear, 3/pkg",32.16
2018,"Wirebound Message Books, 5-1/2 x 4 Forms, 2 or 4 Forms per Page",32.112
2018,Anker Astro Mini 3000mAh Ultra-Compact Portable Charger,31.984
2018,Square Credit Card Reader,31.968
2018,Xerox 1897,31.872
2018,Westinghouse Clip-On Gooseneck Lamps,31.805999999999997
2018,Memorex Micro Travel Drive 4 GB,31.8
2018,Newell 35,31.488
2018,Array Memo Cubes,31.08
2018,"Tenex Personal Filing Tote With Secure Closure Lid, Black/Frost",31.02
2018,GBC Plasticlear Binding Covers,30.996000000000002
2018,Acme Box Cutter Scissors,30.69
2018,"Acco PRESSTEX Data Binder with Storage Hooks, Light Blue, 9 1/2"" X 11""",30.666
2018,"C-Line Peel & Stick Add-On Filing Pockets, 8-3/4 x 5-1/8, 10/Pack",30.576
2018,"Wirebound Message Books, Two 4 1/4"" x 5"" Forms per Page",30.439999999999998
2018,Avery Hi-Liter Smear-Safe Highlighters,30.368
2018,Smead Alpha-Z Color-Coded Name Labels First Letter Starter Set,30.0
2018,Newell 330,29.900000000000002
2018,Akro-Mils 12-Gallon Tote,29.79
2018,Avery 481,29.568
2018,Newell 349,29.52
2018,Wilson Jones International Size A4 Ring Binders,29.41
2018,Pencil and Crayon Sharpener,29.346
2018,Aluminum Document Frame,29.328
2018,G.E. Longer-Life Indoor Recessed Floodlight Bulbs,29.216
2018,GBC Standard Plastic Binding Systems Combs,29.205000000000002
2018,KLD Oscar II Style Snap-on Ultra Thin Side Flip Synthetic Leather Cover Case for HTC One HTC M7,29.16
2018,"Master Caster Door Stop, Large Neon Orange",29.12
2018,Avery 506,28.91
2018,Crayola Colored Pencils,28.863999999999997
2018,DAX Cubicle Frames - 8x10,28.849999999999998
2018,Prang Colored Pencils,28.811999999999998
2018,Permanent Self-Adhesive File Folder Labels for Typewriters by Universal,28.71
2018,Speck Products Candyshell Flip Case,27.992
2018,Angle-D Ring Binders,27.897
2018,Xerox 1949,27.888
2018,"Binney & Smith Crayola Metallic Colored Pencils, 8-Color Set",27.78
2018,Avoid Verbal Orders Carbonless Minifold Book,27.716
2018,"Acco Pressboard Covers with Storage Hooks, 9 1/2"" x 11"", Executive Red",27.432000000000002
2018,Manco Dry-Lighter Erasable Highlighter,27.36
2018,Sony 8GB Class 10 Micro SDHC R40 Memory Card,27.192
2018,"Important Message Pads, 50 4-1/4 x 5-1/2 Forms per Pad",26.88
2018,Avery Fluorescent Highlighter Four-Color Set,26.72
2018,"Executive Impressions 16-1/2"" Circular Wall Clock",26.72
2018,HP Office Paper (20Lb. and 87 Bright),26.72
2018,Xerox 1959,26.72
2018,Economy Binders,26.624000000000002
2018,Acme Kleencut Forged Steel Scissors,26.403999999999996
2018,Xerox 1963,26.4
2018,Great White Multi-Use Recycled Paper (20Lb. and 84 Bright),26.312
2018,Rogers Handheld Barrel Pencil Sharpener,26.304000000000002
2018,Avery 480,26.25
2018,"Message Book, Phone, Wirebound Standard Line Memo, 2 3/4"" X 5""",26.2
2018,Prang Drawing Pencil Set,26.132
2018,Avery 498,26.01
2018,Xerox 192,25.92
2018,Xerox 21,25.92
2018,Xerox 210,25.92
2018,Avery 483,25.896
2018,Avery Self-Adhesive Photo Pockets for Polaroid Photos,25.878
2018,Contemporary Borderless Frame,25.83
2018,"Binney & Smith inkTank Desk Highlighter, Chisel Tip, Yellow, 12/Box",25.8
2018,Cush Cases Heavy Duty Rugged Cover Case for Samsung Galaxy S5 - Purple,25.740000000000002
2018,Newell Chalk Holder,25.606
2018,Avery 512,25.432000000000002
2018,"""While you Were Out"" Message Book, One Form per Page",25.228
2018,Fiskars Spring-Action Scissors,25.164
2018,"DAX Copper Panel Document Frame, 5 x 7 Size",25.16
2018,"Stacking Tray, Side-Loading, Legal, Smoke",25.088
2018,Avery 515,25.06
2018,"Avery 3 1/2"" Diskette Storage Pages, 10/Pack",25.056
2018,Acco Suede Grain Vinyl Round Ring Binder,25.02
2018,Document Clip Frames,25.02
2018,Newell 310,24.992
2018,Barrel Sharpener,24.990000000000002
2018,Xerox 1970,24.9
2018,Avery 489,24.84
2018,Wilson Jones Easy Flow II Sheet Lifters,24.84
2018,Longer-Life Soft White Bulbs,24.64
2018,Convenience Packs of Business Envelopes,24.616
2018,Newell 344,24.464
2018,Anderson Hickey Conga Table Tops & Accessories,24.368
2018,Acco 6 Outlet Guardian Standard Surge Suppressor,24.18
2018,Binder Posts,24.107999999999997
2018,Mediabridge Sport Armband iPhone 5s,23.976
2018,Letter or Legal Size Expandable Poly String Tie Envelopes,23.94
2018,Xerox 1956,23.92
2018,Avery Durable Slant Ring Binders,23.759999999999998
2018,Avery 501,23.616
2018,Boston 16765 Mini Stand Up Battery Pencil Sharpener,23.32
2018,Insertable Tab Post Binder Dividers,23.258
2018,Xerox 1978,23.12
2018,Newell 320,23.112000000000002
2018,Newell 324,23.1
2018,"Acco Pressboard Covers with Storage Hooks, 14 7/8"" x 11"", Light Blue",23.076999999999998
2018,Newell 351,22.959999999999997
2018,Hammermill CopyPlus Copy Paper (20Lb. and 84 Bright),22.908
2018,"Master Giant Foot Doorstop, Safety Yellow",22.77
2018,C-Line Cubicle Keepers Polyproplyene Holder With Velcro Backings,22.704
2018,"Wilson Jones 1"" Hanging DublLock Ring Binders",22.704
2018,OIC Bulk Pack Metal Binder Clips,22.336
2018,Newell 339,22.240000000000002
2018,"Executive Impressions 14""",22.23
2018,#10 Self-Seal White Envelopes,22.18
2018,Avery 52,22.14
2018,"Sanford Uni-Blazer View Highlighters, Chisel Tip, Yellow",22.0
2018,Wilson Jones Active Use Binders,21.840000000000003
2018,Acme Stainless Steel Office Snips,21.81
2018,"SlimView Poly Binder, 3/8""",21.756
2018,Avery 496,21.75
2018,Xerox 1953,21.4
2018,Belkin F9G930V10-GRY 9 Outlet Surge,21.392
2018,Pressboard Data Binders by Wilson Jones,21.36
2018,"Redi-Strip #10 Envelopes, 4 1/8 x 9 1/2",21.24
2018,Newell 321,20.992
2018,Xerox 1899,20.808
2018,Xerox 2000,20.736
2018,Xerox 205,20.736
2018,Xerox 207,20.736
2018,Binder Clips by OIC,20.72
2018,GBC Binding covers,20.72
2018,Self-Adhesive Address Labels for Typewriters with Dispenser Box,20.664
2018,Colorific Watercolor Pencils,20.64
2018,Sabrent 4-Port USB 2.0 Hub,20.37
2018,"Acco Banker's Clasps, 5 3/4""-Long",20.16
2018,Avery 49,20.16
2018,GBC ProClick Spines for 32-Hole Punch,20.048
2018,Advantus T-Pin Paper Clips,19.844
2018,"Boston 1827 Commercial Additional Cutter, Drive Gear & Gear Rack for 1606",19.83
2018,"Eldon Image Series Desk Accessories, Ebony",19.76
2018,Wilson Jones “Snap” Scratch Pad Binder Tool for Ring Binders,19.72
2018,Xerox 196,19.652
2018,Acco Glide Clips,19.6
2018,Newell 331,19.56
2018,Xerox 200,19.44
2018,Xerox 215,19.44
2018,Peel & Seel Envelopes,19.4
2018,Kingston Digital DataTraveler 8GB USB 2.0,19.04
2018,"TOPS Voice Message Log Book, Flash Format",19.04
2018,"TOPS 4 x 6 Fluorescent Color Memo Sheets, 500 Sheets per Pack",18.98
2018,"DAX Charcoal/Nickel-Tone Document Frame, 5 x 7",18.96
2018,Xerox 1971,18.832
2018,"Eldon Spacemaker Box, Quick-Snap Lid, Clear",18.704
2018,"Executive Impressions 13-1/2"" Indoor/Outdoor Wall Clock",18.7
2018,"Super Bands, 12/Pack",18.6
2018,Prang Dustless Chalk Sticks,18.48
2018,Unpadded Memo Slips,18.308
2018,Durable Pressboard Binders,18.24
2018,Plastic Binding Combs,18.18
2018,"Adams Write n' Stick Phone Message Book, 11"" X 5 1/4"", 200 Messages",18.176
2018,"Stride Job 150 Highlighters, Chisel Tip, Assorted Colors",17.94
2018,Xerox 1903,17.94
2018,"Verbatim 25 GB 6x Blu-ray Single Layer Recordable Disc, 1/Pack",17.88
2018,Shocksock Galaxy S4 Armband,17.52
2018,Stockwell Push Pins,17.44
2018,Xerox 1923,17.368000000000002
2018,Magna Visual Magnetic Picture Hangers,17.352
2018,Xerox 1987,17.34
2018,Accohide Poly Flexible Ring Binders,17.204
2018,Hoover Commercial Soft Guard Upright Vacuum And Disposable Filtration Bags,17.094
2018,Dana Swing-Arm Lamps,17.088
2018,Flexible Leather- Look Classic Collection Ring Binder,17.046
2018,"Wilson Jones Hanging View Binder, White, 1""",17.04
2018,"Eldon Expressions Punched Metal & Wood Desk Accessories, Pewter & Cherry",17.024
2018,Brown Kraft Recycled Envelopes,16.98
2018,"OIC #2 Pencils, Medium Soft",16.92
2018,Xerox 1901,16.896
2018,Xerox 1972,16.896
2018,AmazonBasics 3-Button USB Wired Mouse,16.776
2018,Avery Binding System Hidden Tab Executive Style Index Sets,16.732999999999997
2018,Acrylic Self-Standing Desk Frames,16.554000000000002
2018,Avery 491,16.52
2018,American Pencil,16.310000000000002
2018,50 Colored Long Pencils,16.256
2018,"RSVP Cards & Envelopes, Blank White, 8-1/2"" X 11"", 24 Cards/25 Envelopes/Set",16.256
2018,Riverleaf Stik-Withit Designer Note Cubes,16.096
2018,"Acco Pressboard Covers with Storage Hooks, 14 7/8"" x 11"", Executive Red",16.002
2018,Xerox 1921,15.984
2018,"Hoover Replacement Belts For Soft Guard & Commercial Ltweight Upright Vacs, 2/Pk",15.8
2018,BIC Brite Liner Grip Highlighters,15.744
2018,Eldon Image Series Black Desk Accessories,15.732
2018,"Adams ""While You Were Out"" Message Pads",15.7
2018,VariCap6 Expandable Binder,15.57
2018,"Eureka Recycled Copy Paper 8 1/2"" x 11"", Ream",15.552
2018,"Universal Ultra Bright White Copier/Laser Paper, 8 1/2"" x 11"", Ream",15.552
2018,Xerox 1967,15.552
2018,Xerox 1995,15.552
2018,Xerox 206,15.552
2018,Xerox 208,15.552
2018,DIXON Oriole Pencils,15.48
2018,"Quartet Alpha White Chalk, 12/Pack",15.469999999999999
2018,"White Envelopes, White Envelopes with Clear Poly Window",15.25
2018,Avery 513,14.94
2018,Color-Coded Legal Exhibit Labels,14.73
2018,Newell 343,14.7
2018,"Sanford EarthWrite Recycled Pencils, Medium Soft, #2",14.7
2018,Faber Castell Col-Erase Pencils,14.669999999999998
2018,Avery 514,14.4
2018,Wausau Papers Astrobrights Colored Envelopes,14.352
2018,"Seth Thomas 13 1/2"" Wall Clock",14.224
2018,"Acco Clips to Go Binder Clips, 24 Clips in Two Sizes",14.2
2018,Project Tote Personal File,14.03
2018,Acco Hot Clips Clips to Go,13.818000000000001
2018,Newell 3-Hole Punched Plastic Slotted Magazine Holders for Binders,13.71
2018,"Binney & Smith Crayola Metallic Crayons, 16-Color Pack",13.48
2018,Rosewill 107 Normal Keys USB Wired Standard Keyboard,13.48
2018,DIXON Ticonderoga Erasable Checking Pencils,13.392
2018,"GE General Purpose, Extra Long Life, Showcase & Floodlight Incandescent Bulbs",13.386
2018,Newell 327,13.26
2018,"Black Avery Memo-Size 3-Ring Binder, 5 1/2"" x 8 1/2""",13.212
2018,Newell 348,13.120000000000001
2018,"Sanford Colorific Eraseable Coloring Pencils, 12 Count",13.12
2018,Disposable Triple-Filter Dust Bags,13.11
2018,"Avery Hi-Liter GlideStik Fluorescent Highlighter, Yellow Ink",13.04
2018,"Tensor ""Hersey Kiss"" Styled Floor Lamp",12.99
2018,Xerox 1946,12.96
2018,Xerox 1958,12.96
2018,Xerox 1984,12.96
2018,Xerox 1999,12.96
2018,Xerox 202,12.96
2018,Xerox 219,12.96
2018,Newell 323,12.767999999999999
2018,"BIC Brite Liner Grip Highlighters, Assorted, 5/Pack",12.72
2018,Xerox 1981,12.672
2018,Akro Stacking Bins,12.624
2018,Avery 476,12.39
2018,Nontoxic Chalk,12.32
2018,"Avery Triangle Shaped Sheet Lifters, Black, 2/Pack",12.3
2018,"GBC Clear Cover, 8-1/2 x 11, unpunched, 25 covers per pack",12.128
2018,"DAX Value U-Channel Document Frames, Easel Back",11.927999999999999
2018,GBC Plastic Binding Combs,11.808
2018,Newell 332,11.76
2018,XtraLife ClearVue Slant-D Ring Binders by Cardinal,11.76
2018,"Eldon Imàge Series Desk Accessories, Clear",11.664
2018,Xerox 1969,11.56
2018,Avery Personal Creations Heavyweight Cards,11.54
2018,GBC VeloBinder Strips,11.52
2018,Insertable Tab Indexes For Data Binders,11.447999999999999
2018,Avery Premier Heavy-Duty Binder with Round Locking Rings,11.424
2018,Wirebound Voice Message Log Book,11.424
2018,Rubber Band Ball,11.22
2018,"Personal Folder Holder, Ebony",11.21
2018,Newell 333,11.12
2018,"Avery Durable Plastic 1"" Binders",10.896
2018,Ideal Clamps,10.854
2018,Design Ebony Sketching Pencil,10.841999999999999
2018,Peel & Stick Add-On Corner Pockets,10.8
2018,GBC Personal VeloBind Strips,10.782
2018,"Premium Writing Pencils, Soft, #2 by Central Association for the Blind",10.728
2018,Staple magnet,10.68
2018,Economy #2 Pencils,10.64
2018,Wilson Jones Standard D-Ring Binders,10.626
2018,Newell 326,10.56
2018,Xerox 218,10.368
2018,Avery 492,10.367999999999999
2018,Xerox 1900,10.272
2018,Newell 307,10.192
2018,Avery Poly Binder Pockets,10.024000000000001
2018,"#10 Gummed Flap White Envelopes, 100/Box",9.912
2018,Avery 493,9.82
2018,Avery 508,9.82
2018,Ultra Door Push Plate,9.82
2018,Avery 510,9.75
2018,"Wirebound Service Call Books, 5 1/2"" x 4""",9.68
2018,"Adams Telephone Message Books, 5 1/4” x 11”",9.664
2018,Xerox 1950,9.248
2018,"Dixon Ticonderoga Maple Cedar Pencil, #2",9.21
2018,"Black Print Carbonless Snap-Off Rapid Letter, 8 1/2"" x 7""",9.11
2018,Imation Swivel Flash Drive USB flash drive - 8 GB,9.096
2018,3-ring staple pack,9.024
2018,Ampad #10 Peel & Seel Holiday Envelopes,8.96
2018,Newell 338,8.82
2018,Regeneration Desk Collection,8.8
2018,Advantus Panel Wall Acrylic Frame,8.752
2018,"Ampad Evidence Wirebond Steno Books, 6"" x 9""",8.72
2018,Avery 482,8.67
2018,Newell 346,8.64
2018,Xerox 1928,8.448
2018,Alliance Rubber Bands,8.4
2018,"Avery 05222 Permanent Self-Adhesive File Folder Labels for Typewriters, on Rolls, White, 250/Roll",8.26
2018,Xerox 1989,7.968
2018,Sannysis Cute Owl Design Soft Skin Case Cover for Samsung Galaxy S4,7.92
2018,Translucent Push Pins by OIC,7.92
2018,Advantus Map Pennant Flags and Round Head Tacks,7.9
2018,Maxell CD-R Discs,7.88
2018,Avery 509,7.83
2018,12 Colored Short Pencils,7.8
2018,"Executive Impressions 13"" Clairmont Wall Clock",7.692
2018,Acco Expandable Hanging Binders,7.656
2018,"Binney & Smith inkTank Erasable Desk Highlighter, Chisel Tip, Yellow, 12/Box",7.56
2018,Avery 487,7.38
2018,Acme Value Line Scissors,7.3
2018,Pastel Pink Envelopes,7.28
2018,G.E. Halogen Desk Lamp Bulbs,6.98
2018,Poly String Tie Envelopes,6.936
2018,"Sanford Colorific Colored Pencils, 12/Box",6.912
2018,Newell 341,6.848
2018,UniKeep View Case Binders,6.846
2018,Recycled Pressboard Report Cover with Reinforced Top Hinge,6.783
2018,Avery Reinforcements for Hole-Punch Pages,6.534000000000001
2018,Assorted Color Push Pins,6.516
2018,Blackstonian Pencils,6.408
2018,Presstex Flexible Ring Binders,6.37
2018,Avery 494,6.264
2018,Acme Kleen Earth Office Shears,6.208
2018,Smead Alpha-Z Color-Coded Second Alphabetical Labels and Starter Set,6.16
2018,"Brites Rubber Bands, 1 1/2 oz. Box",5.94
2018,Newell 317,5.88
2018,Avery 5,5.76
2018,Newell 335,5.76
2018,SANFORD Liquid Accent Tank-Style Highlighters,5.68
2018,Revere Boxed Rubber Bands by Revere,5.67
2018,Acco Side-Punched Conventional Columnar Pads,5.552
2018,"Commercial WindTunnel Clean Air Upright Vacuum, Replacement Belts, Filtration Bags",5.446
2018,Maxell 4.7GB DVD+R 5/Pack,5.346
2018,Newell 337,5.248
2018,"Bravo II Megaboss 12-Amp Hard Body Upright, Replacement Belts, 2 Belts per Pack",5.2
2018,Avery 502,5.04
2018,"OIC Binder Clips, Mini, 1/4"" Capacity, Black",4.96
2018,"Eldon 300 Class Desk Accessories, Black",4.95
2018,Wilson Jones data.warehouse D-Ring Binders with DublLock,4.938
2018,"Acco PRESSTEX Data Binder with Storage Hooks, Dark Blue, 9 1/2"" X 11""",4.842
2018,Woodgrain Magazine Files by Perma,4.768
2018,"Ampad Poly Cover Wirebound Steno Book, 6"" x 9"" Assorted Colors, Gregg Ruled",4.54
2018,Newell 322,4.368
2018,Advantus Push Pins,4.36
2018,"Dixon Prang Watercolor Pencils, 10-Color Set with Brush",4.26
2018,Stacking Trays by OIC,3.984
2018,Avery Binder Labels,3.89
2018,Tuff Stuff Recycled Round Ring Binders,3.856
2018,Xerox 199,3.424
2018,Kleencut Forged Office Shears by Acme United Corporation,3.328
2018,Sanford Pocket Accent Highlighters,3.2
2018,Storex Flexible Poly Binders with Double Pockets,3.168
2018,Avery 520,3.15
2018,Acco Economy Flexible Poly Round Ring Binder,3.132
2018,Bagged Rubber Bands,3.024
2018,"Eldon Regeneration Recycled Desk Accessories, Smoke",2.784
2018,Wilson Jones Suede Grain Vinyl Binders,2.78
2018,Cardinal Poly Pocket Divider Pockets for Ring Binders,2.688
2018,Hoover Replacement Belt for Commercial Guardsman Heavy-Duty Upright Vacuum,2.664
2018,Maxell 4.7GB DVD-R 5/Pack,2.574
2018,Avery Durable Slant Ring Binders With Label Holder,2.508
2018,Avery 497,2.464
2018,"Holmes Visible Mist Ultrasonic Humidifier with 2.3-Gallon Output per Day, Replacement Filter",2.264
2018,OIC Thumb-Tacks,1.824
2018,Colored Push Pins,1.81
2018,Avery Hidden Tab Dividers for Binding Systems,1.788
2018,Computer Printout Index Tabs,1.68
2018,Eureka Disposable Bags for Sanitaire Vibra Groomer I Upright Vac,1.624
2018,Self-Adhesive Ring Binder Labels,1.408
2018,Hoover Commercial Lightweight Upright Vacuum,1.392
